"source_qa_id","answerability","intent","source_eval_type","question","gold_answer","evidence_span","max_evidence_token_recall","risk_reason","negative_1_doc_id","negative_1_title","negative_1_text","negative_1_selection_tier","negative_1_rerank_score","negative_1_evidence_recall","negative_1_valid_non_answer","negative_2_doc_id","negative_2_title","negative_2_text","negative_2_selection_tier","negative_2_rerank_score","negative_2_evidence_recall","negative_2_valid_non_answer","negative_3_doc_id","negative_3_title","negative_3_text","negative_3_selection_tier","negative_3_rerank_score","negative_3_evidence_recall","negative_3_valid_non_answer","human_decision","review_notes"
"domain_train_0133","true","guide_fact","guide_fact_chunk","친구 메뉴를 여는 단축키는 뭐야?","친구창 이용하기 단축키 [L]키를 누르면 친구 메뉴를 확인할 수 있습니다","친구창 이용하기 단축키 [L]키를 누르면 친구 메뉴를 확인할 수 있습니다","0.4444444444444444","near_answer_overlap","official_guide_1292__chunk_001","인터페이스","인터페이스
## 번호 설명 ① 캐릭터가 접속한 채널과 주변의 미니맵 정보가 표시됩니다. 채널 버튼을 클릭하여 다른 채널로 이동할 수 있습니다. ② 캐릭터에게 적용되고 있는 효과(버프/디버프)와 아이템 사용 퀵슬롯입니다. 소모품을 등록하여 키보드 1~6의 단축키로 사용할 수 있습니다. ③ 캐릭터의 HP, MP, 스킬 등록창, 레벨 및 경험치가 표시되는 공간입니다. 습득한 스킬을 스킬 등록창에 등록하면 손쉽게 사용할 수 있습니다. (단축키 변경 가능) ④ 알림 및 메뉴 공간입니다. 모험단 정보, 이벤트 정보, 우편부터 모든 기능을 마우스 클릭이나 단축키로 사용할 수 있습니다. 인터페이스는 키보드 단축키 [.] 으로 ON/OFF 할 수 있습니다.","reranked_head","0.021036958321928978","0.2222222222222222","yes","official_guide_1296__chunk_004","조작법","단축키 설정
자신의 조작 스타일에 맞추어 기본 단축키를 변경하거나 자주 쓰는 기능을 단축키로 동작하도록 설정할 수 있습니다. 1. 메뉴(ESC) → 게임설정 2. 단축키 설정 3. 추가 단축키 설정 예시 던전에서 '7' 키를 누르면 '//아이템끼임탈출' 명령이 실행됩니다.","reranked_head","0.009677731432020664","0.4444444444444444","yes","official_guide_1295__chunk_001","채팅명령어","채팅명령어
채팅 명령어를 이용하여 빠르게 대화를 하거나 게임 조작을 할 수 있습니다. 엔터키를 눌러 채팅창을 띄운 뒤, 아래 명령어를 입력하여 사용이 가능합니다. 항목 명령어 내용 파티 채팅 /p /ㅔ 파티원에게 채팅을 보낼 수 있습니다. 귓속말 /w 캐릭터명 /ㅈ 캐릭터명 대상 캐릭터에게 귓속말을 보낼 수 있습니다. 귓속말 답장 /r /ㄱ 마지막으로 귓속말을 보낸 캐릭터에게 귓속말을 보낼 수 있습니다. 다시 쓰기 /re /다시 가장 마지막에 입력한 메시지를 다시 입력할 수 있습니다. 파티 초대,가입 /j 캐릭터명 /참여 캐릭터명 /초대 캐릭터명 /조인 캐릭터명 대상 캐릭터가 소속한 파티에 참여 신청을 보내거나, 대상 캐릭터를 파티에 초대할 수 있습니다. 파티 탈퇴 /out /탈퇴 가입중인 파티에서 탈퇴할 수 있습니다. 트레이드 /tr 캐릭터명 /트레이드 캐릭터명 대상 캐릭터에게 교환을 신청할 수 있습니다. 살펴보기 /info 캐릭터명 /인포 캐릭터명 대상 캐릭터의 정보를 확인할 수 있습니다. 블랙리스트 추가 /ignore 캐릭터명 /차단 캐릭터명 대상 캐릭터와의 교환 신청, 파티 초대, 귓속말 등을 거부할 수 있습니다. 블랙리스트 해제 /unlock 캐릭터명 /차단해제 캐릭터명 블랙리스트 목록에서 대상 캐릭터를 삭제합니다. 아이템 끼임 탈출 //아이템끼임탈출 아이템을 캐릭터 발 밑으로 모아줍니다. 던전당 1회만 사용이 가능합니다. 단축키를 설정하여 사용하면 편리합니다. 캐릭터 끼임 탈출 //캐릭터끼임탈출 캐릭터가 맵 입구로 이동합니다.던전당 1회만 사용이 가능합니다.","reranked_head","0.007915322668850422","0.2222222222222222","yes","approve","인터페이스·단축키 설정·채팅 명령어 문서이며 친구 메뉴 단축키 L을 명시하지 않음. v1의 직접 정답 오염이 제거됨."
"domain_train_0170","true","guide_fact","guide_fact_chunk","아스라한 안개의 신, 무(일반)에서 제한 시간을 넘기면 어떻게 돼?","제한 시간 초과 시 클리어 실패 처리 됩니다 실패 시 주간 입장 횟수가 복구됩니다","제한 시간 초과 시 클리어 실패 처리 됩니다 실패 시 주간 입장 횟수가 복구됩니다","0.36363636363636365","near_answer_overlap","official_guide_1512__chunk_011","만들어진 신 나벨","던전 제한 시간
각 몬스터 던전에 입장 시 제한 시간이 적용됩니다. 구분 싱글 매칭 일반 하드 무지의 악 나벨 - - 10분 10분 그 외 몬스터 10분 10분 5분 5분 싱글 / 매칭 : 제한 시간 초과 시 자동으로 던전에서 퇴장 되며, 회복 패널티가 적용된 상태로 '악몽'으로 이동됩니다. 일반 / 하드 : 다음 몬스터의 경우 제한 시간 초과 시 회복 패널티가 적용되지 않는 상태로 '악몽'으로 이동됩니다. - 만들어진 신 나벨 - 무지의 악 나벨 - 연구소장 엘디르 - 선각자 엘디르 - 인공신 아니마 - 오만의 악 아니마","hybrid_tail","","0.36363636363636365","yes","official_guide_1512__chunk_008","만들어진 신 나벨","콘텐츠 규칙 > 제한 사항
레이드 시작 시 '자각의 경계' (제한 시간) 가 적용됩니다. - 자각의 경계는 시간의 흐름에 따라 자연 감소 하게 됩니다. - 일반 / 하드 난이도의 경우 아래 사항에 의하여 자각의 경계가 추가 감소 할 수 있습니다. ㄴ'안개신의 무의식', '만들어진 신 나벨', '무지의 악 나벨'의 캐스팅 공격 일반 / 하드 난이도의 경우 코인 사용 횟수가 제한됩니다. - 코인 사용 횟수는 파티 단위로 공유됩니다. - 레이드 시작 시 총 5개의 코인 사용 횟수가 충전되며, 부활 시 코인 1개가 소진됩니다. - 공격대 버프 또는, 특수 몬스터 처치 시 코인이 갱신됩니다. 싱글 / 매칭 난이도의 경우 코인을 사용하지 않고, 사망 시 자동 부활 처리가 됩니다. 회복형 소모품 사용 횟수가 각 몬스터 전투 별 제한됩니다. - 각 몬스터와 전투 시작 시, 회복형 소모품 및 던전앤라이프 투척 소모품 사용 횟수가 8개로 제한됩니다. - 인형류 소모품 사용이 제한됩니다.","hybrid_tail","","0.36363636363636365","yes","official_guide_1508__chunk_003","미의 여신 베누스","콘텐츠 규칙 > 제한 시간
각 던전에 입장 시 제한 시간이 적용됩니다. - 제한 시간 초과 시 자동으로 던전에서 퇴장됩니다. 던전/작전별 제한 시간 미의 전당 대예배당 세바스티온 찬사의 광장 파괴된 벨라오디움 10분 10분 10분 15분","hybrid_tail","","0.36363636363636365","yes","approve","세 문서는 나벨·베누스의 제한 시간 규칙이며, 특정된 아스라한 안개의 신 무 일반의 시간 초과 실패와 주간 입장 횟수 복구를 제공하지 않음."
"domain_train_0171","true","guide_fact","guide_fact_chunk","아스라한 안개의 신, 무(일반) 레이드 시작 때 충전되는 코인 수와 부활할 때 소모량은 얼마야?","레이드 시작 시 총 15개의 코인이 충전되며, 부활 시 코인 1개가 소진됩니다","레이드 시작 시 총 15개의 코인이 충전되며, 부활 시 코인 1개가 소진됩니다","0.2222222222222222","stratified_control","official_guide_1209__chunk_021","기계 혁명 : 바칼 레이드","레이드 상황판 > 레이드 버프
권의지계 로자 유르겐이 즉시 보급을 진행합니다. 코인 사용제한 횟수가 3개 추가됩니다. 비장의 한발 스핏파이어 플로가 모험가를 원호사격합니다. 30초간 데미지가 20% 증가합니다. 퇴로 확보 주베닐이 작전상 후퇴를 지원합니다. 페널티 없이 즉시 귀환합니다. (폭룡왕의 정전 잠식 페널티는 적용됩니다.) 천계의 염원 연합 사령관 이리네가 연합군을 위해 기도합니다. 10초간 무적 상태가 됩니다.","hybrid_tail","","0.2222222222222222","yes","official_guide_1207__chunk_002","오즈마 레이드","기본 정보
항목 내용 제한 레벨 100 레벨 이상 ※ 입장 퀘스트 검은 대지와 함께 사라진 것 클리어 필요 입장 제한 입장 요일 : 토/일/월/화/수, 레이드 채널을 통해 입장 입장 횟수 : 캐릭터당 일 1회, 주 2회 클리어 가능 ※ 일일 입장 제한은 매일 06시, 주 입장 제한은 매주 목요일 06시에 초기화 됩니다. 피로도 소모 없음 입장 재료 검은 대지의 인장 ※ 레이드 상점 - 오즈마 항목에서 구매 가능 모험가 명성 12,068 던전 규칙 * 최대 12명의 캐릭터가 참여할 수 있습니다. * 소멸의 강림 작전(1페이즈) 제한시간 30분, 혼돈의 재림 작전(2페이즈) 제한시간 20분, 페이즈 대기시간 5분이 적용됩니다. * 각 전투마다 지정된 제한시간이 적용됩니다. * 모든 네임드/보스 몬스터에게 홀딩 면역 시스템이 적용됩니다. * 던전당 4개의 코인 제한 횟수가 적용됩니다. * 지정된 소모품만 사용할 수 있습니다. * 공략 실패 시 우편으로 재입장권이 지급됩니다. * 전투 후퇴 / 패배 시 일정 시간 동안 전투에 참여할 수 없는 페널티가 부여됩니다.","hybrid_tail","","0.2222222222222222","yes","official_guide_1207__chunk_010","오즈마 레이드","보상
오즈마 레이드 클리어 보상 오즈마 레이드 클리어 시 다음 보상을 획득할 수 있습니다. 던전 클리어 횟수가 2회 이상인 경우에만 보상이 지급됩니다. 단계 항목 보상 소멸의 강림 작전 클리어 시 파티 다음 보상 중에서 각 확률에 따라 1종을 획득할 수 있습니다. - 혼돈의 원념 2개 + 절규하는 혼돈의 원념 3개 - 혼돈의 원념 3개 + 절규하는 혼돈의 원념 3개 혼돈의 재림 작전 클리어 시 파티 불멸의 의지 200개 PC방 다음 보상 중에서 각 확률에 따라 1종을 획득할 수 있습니다. - 혼돈의 원념 3개 - 혼돈의 원념 4개 공격대 다음 보상 중에서 각 확률에 따라 1종을 획득할 수 있습니다. - 혼돈의 원념 8개 + 절규하는 혼돈의 원념 8개 - 혼돈의 원념 8개 + 절규하는 혼돈의 원념 9개 - 혼돈의 원념 9개 + 절규하는 혼돈의 원념 9개 - 혼돈의 원념 9개 + 절규하는 혼돈의 원념 10개 - 혼돈의 원념 13개 + 절규하는 혼돈의 원념 13개 - 혼돈의 원념 8개 + 절규하는 혼돈의 원념 8개 + 파멸/공포/절망의 문양 중 1종 - 혼돈의 원념 19개 + 절규하는 혼돈의 원념 19개 - 혼돈의 원념 8개 + 절규하는 혼돈의 원념 8개 + 오즈마 유니크/레전더리 몬스터 카드 중 1종 - 혼돈의 원념 8개 + 절규하는 혼돈의 원념 8개 + 오즈마 에픽 장비(파멸,절망,공포,희생,성화) 중 1종 - 혼돈의 원념 8개 + 절규하는 혼돈의 원념 8개 + 지혜의 인도 신화 장비 중 1종 혼돈 난이도 추가 보상 혼돈 3 단계 난이도 클리어시 각 확률에 따라 불멸의 의지 외에 추가로 전용 오라 아바타, 전용 파티 신청 프레임 보상을 획득 할 수 있습니다. 추가 보상은 교환불가 상자로 지급됩니다. 추가 보상은 캐릭터 단위로 1회만 획득 가능합니다. 보상 상세 정보","hybrid_tail","","0.1111111111111111","yes","approve","바칼·오즈마의 버프·입장·보상 문서이며, 아스라한 안개의 신 무 일반의 시작 코인 15개와 부활 소모 1개를 제공하지 않음."
"domain_train_0186","true","guide_fact","guide_fact_chunk","죽음의 여신전 같은 상급 던전은 요구 명성이 높을수록 보상 배율이 어떻게 달라져?","요구 명성이 높은 상급 던전일수록 더 높은 기대 보상 배율이 적용됩니다.","요구 명성이 높은 던전일수록 더 높은 기대 보상 배율이 적용됩니다.","0.25","stratified_control","official_guide_1484__chunk_003","기대 보상 배율","상급 던전 보상 > 클리어 리워드
던전 클리어 시 정해진 확률로 다음 아이템을 획득할 수 있습니다. 상급 던전의 모든 보상은 클리어 리워드로 등장합니다. 획득 가능 아이템 설명 교환 속성 상공인협의회 은화 신비한 힘의 마법서에서 다양한 아이템을 구매할 수 있습니다. 계정귀속 종말의 계시 최후의 조율자/종말의 숭배자 던전에 입장할 수 있는 재료입니다. 교환불가 레어 장비 무기 타입 별 1종 방어구, 악세서리, 특수장비 부위 별 1종 교환불가 유니크 장비 무기 타입 별 1종 방어구, 악세서리, 특수장비 부위 별 12종 교환불가 레전더리 장비 무기 타입 별 2종 방어구, 악세서리, 특수장비 부위 별 12종 교환불가 에픽 장비 무기 타입 별 2종 방어구, 악세서리, 특수장비 부위 별 12종 교환불가 태초 장비 무기 타입 별 2종 악세서리 부위 별 12종 교환불가 레어 서약 결정 공용 서약 결정 1종 교환불가 유니크 서약 결정 세트 별 1종, 총 12종 교환불가 레전더리 서약 결정 세트 별 1종, 총 12종 교환불가 에픽 서약 결정 세트 별 1종, 총 12종 교환불가 태초 서약 결정 세트 별 1종, 총 12종 교환불가 유니크 서약 세트 별 1종, 총 12종 교환불가 레전더리 서약 세트 별 1종, 총 12종 교환불가 에픽 서약 세트 별 1종, 총 12종 교환불가 태초 서약 세트 별 1종, 총 12종 교환불가 상급 던전 고유 장비 항아리 상급 던전 유니크~에픽 고유 장비 중 1종을 정해진 확률로 획득할 수 있습니다. 교환불가","reranked_head","0.23197594285011292","0.25","yes","official_guide_1484__chunk_001","기대 보상 배율","중천 상급 던전 보상
매주 5개의 상급 던전 중 2개의 던전을 클리어 하고 보상을 획득할 수 있습니다. 달이 잠긴 호수, 애쥬어 메인 던전은 각각 주간 계정당 보상 획득 가능 횟수가 20회로 제한됩니다.","reranked_head","0.10547906905412674","0.25","yes","official_guide_1482__chunk_003","상급 던전 배니부 상점","상급 던전 배니부 상점
<확정 보상> - 레전더리 서약 결정 <확률 보상> - 종말의 계시 35~75개 - 미광의 소울 1~3개 - 레어 ~ 태초 서약 결정 계정귀속 은하를 초월한 조율자의 저울 사용 시 소울을 소모하여 저울을 가동시킬 수 있습니다. 저울 가동 시 확정 보상 1개와 확률 보상 중 1종을 정해진 확률에 따라 39회 획득할 수 있습니다. <확정 보상> - 에픽 서약 결정 <확률 보상> - 종말의 계시 35~75개 - 미광의 소울 1~3개 - 레어 ~ 태초 서약 결정 계정귀속 흑아 태초 변환서 항아리 흑아 태초 변환서 중 1종을 균등한 확률로 획득할 수 있습니다. 계정귀속 태초 장비 승급서 선택 상자 태초 무기 승급서, 태초 악세서리 승급서 중 1종을 선택하여 획득할 수 있습니다. 계정귀속 히스토리아 쿼츠 <주요 사용처> - 유일 장비 제작 - 유일 장비 정밀도 - 유일 밀봉 <주요 사용 NPC> - 키이라 1회 교환 가능(거래 후 계정귀속)","reranked_head","0.013674239628016949","0.125","yes","approve","후보 제목은 기대 보상 배율이지만 본문은 보상 품목·주간 횟수·배니부 상품만 설명함. 요구 명성이 높을수록 기대 보상 배율이 높아진다는 관계는 없음."
"domain_train_0187","true","guide_fact","guide_fact_chunk","천해천을 클리어하면 배낭지기 배니부 상점이 항상 나와?","아니요. 천해천 던전 클리어 시 정해진 확률로 등장합니다.","천해천 던전 클리어 시 정해진 확률로 배낭지기 배니부 상점이 등장합니다","0.4444444444444444","near_answer_overlap","official_guide_1485__chunk_005","계시 : 천해를 품은 하늘 보상","계시 : 천해를 품은 하늘 보상 > 디그밍의 비밀 둥지 보상
던전 클리어 시 클리어 카드 보상으로 획득하실 수 있습니다. 사용 시 정해진 확률에 따라 보상을 획득하실 수 있으며, 등장하는 아이템 및 확률은 난이도별 차이가 존재하지 않습니다. 획득 가능한 아이템 설명 교환 속성 몬스터 카드 (레전더리/유니크) 천해천 신규 마법부여 카드입니다. 1회 교환 가능(거래 후 계정귀속) 라이언 코어 - 교환불가 조화의 결정체 - 교환불가 투신의 함성 포션[디그밍] 60초간 데미지가 12% 증가. 마을 이동 및 사망 시 효과가 사라지며 사용 쿨타임이 초기화됩니다. 매월 1일 06:00 삭제 계정귀속 HP/MP 20% 회복 포션 사용 시 HP, MP가 20% 회복됩니다. 매월 1일 06:00 삭제 계정귀속 상공인협의회 은화 신비한 힘의 마법서에서 다양한 아이템을 구매할 수 있습니다. 계정귀속","hybrid_tail","","0.4444444444444444","yes","official_guide_1490__chunk_013","위업의 기억","상점
위업의 기억 채널의 괴짜 버니혼 NPC에 상점에서 아래 아이템을 구매할 수 있습니다. 구매 가능한 아이템 설명 구매 재료 교환 속성 115Lv 에픽 장비 항아리 사용 시 115Lv 에픽 장비 중 1종을 정해진 확률로 획득할 수 있습니다. 위업의 기억 파편 750개 교환불가 115Lv 레전더리 장비 항아리 사용 시 115Lv 레전더리 장비 중 1종을 정해진 확률로 획득할 수 있습니다. 위업의 기억 파편 350개 교환불가 115Lv 유니크 장비 항아리 사용 시 115Lv 유니크 장비 중 1종을 정해진 확률로 획득할 수 있습니다. 위업의 기억 파편 80개 교환불가 종말의 계시 9개 상자 사용 시 종말의 계시 9개를 획득할 수 있습니다. 위업의 기억 파편 10개 교환불가 에픽 서약 결정 항아리 사용 시 에픽 서약 결정 중 1종을 균등한 확률로 획득할 수 있습니다. 강렬한 위업의 기억 파편 400개 교환불가 찬란한 레전더리~에픽 서약 결정 항아리 사용 시 레전더리~에픽 서약 결정 중 1종을 정해진 확률로 획득할 수 있습니다. 강렬한 위업의 기억 파편 200개 교환불가 화려한 유니크~에픽 서약 결정 항아리 사용 시 유니크~에픽 서약 결정 중 1종을 정해진 확률로 획득할 수 있습니다. 강렬한 위업의 기억 파편 50개 교환불가 종말의 계시 20개 상자 사용 시 종말의 계시 20개를 획득할 수 있습니다. 강렬한 위업의 기억 파편 10개 교환불가","hybrid_tail","","0.2222222222222222","yes","official_guide_1242__chunk_001","가브리엘","가브리엘
이런 곳에서 모험가를 만나게 될 줄이야. 생각보다 제법인데? 우연히 나와 마주치다니... 자네 운이 좋군. 나와 거래해볼텐가? 던전 클리어 시 확률적으로 데릴라 대신 가브리엘이 등장합니다. 더 오큘러스나 폭풍의 항로 등의 특수 던전에는 가브리엘이 등장하지 않습니다. 가브리엘을 통해 아이템 구매/판매/수리를 할 수 있으며 가끔 특별한 아이템을 판매하기도 합니다. 가브리엘 판매 아이템 일반 던전에서는 재료 및 소모품, 유니크 이상 등급의 장비 또는 레시피를 판매합니다. 특정 고유 재료를 획득할 수 있는 던전에서는 가브리엘이 해당 재료를 판매하기도 합니다. ※ 판매 아이템은 각 확률에 따라 등장합니다. 가브리엘의 계약 가브리엘의 계약 사용 시, 가브리엘의 등장 확률이 증가하며 판매하는 아이템 개수가 증가합니다.","hybrid_tail","","0.3333333333333333","yes","approve","천해천 보상·위업 상점·가브리엘 문서로, 천해천 클리어 후 배니부 상점이 정해진 확률로 등장한다는 사실을 제공하지 않음. 가브리엘은 다른 상점 주체임."
"domain_train_0252","partial","partial_ambiguous","guide_fact_chunk","바칼 레이드에서 버프는 어떻게 얻고, 내 파티에 어떤 버프가 가장 좋은지도 정해줄 수 있어?","공식 문서상 버프는 몬스터 처치 시 획득합니다. 다만 파티 상황에 가장 좋은 버프는 수집된 공식 문서만으로 확정할 수 없습니다.","레이드 상황판 > 버프 획득 정보 · 몬스터 처치 시 획득할 수 있는 버프입니다","0.3","near_answer_overlap","official_guide_1512__chunk_021","만들어진 신 나벨","공격대 버프
'나벨'의 공략에 도움을 주는 액티브 버프 5종이 제공됩니다. - 버프는 각 파티장이 사용할 수 있습니다. - 각 버프의 사용 횟수는 모든 파티가 공유합니다. - 각 버프는 쿨타임을 통해 사용 횟수가 충전됩니다. 항목 꿈의 간섭 조력자의 지원 수호자의 염원 안개신의 보호 구원의 손길 이미지 효과 60초간 다른 파티가 입장한 던전에 진입 가능해집니다. 코인과 부활 스킬 횟수가 충전됩니다. 40초간 파티 데미지가 20% 증가합니다. 10초간 파티가 무적상태가 됩니다. 즉시 악몽 던전으로 이동하고, 순간이동을 사용할 수 있습니다. 캐스팅 중인 몬스터와 전투 중 사용 시 캐스팅이 즉시 실행됩니다. 쿨타임 300초 900초 900초 600초 600초 최대 저장 사용 횟수 2 2 2 2 1","hybrid_tail","","0.1","yes","official_guide_1420__chunk_014","아스라한 : 안개의 신, 무(일반) 콘텐츠 정보","꿈결 조작
레이드 공략에 도움을 주는 액티브 버프 3종, 패시브 버프 3종 중 각 1종씩 선택할 수 있습니다. - 버프 종류는 매주 무작위하게 등장합니다. 버프 사용 시, 모든 공대원에게 버프 효과가 즉시 적용됩니다. - 액티브 버프는 공대장만 사용 가능하며, ( ~ + 1 ) 키를 입력하여 사용할 수 있습니다. 꿈결 조작 선택창 상단의 ""계시""문구에 표기되는 속성 던전이 ""폭주"" 상태로 강화됩니다. - 폭주된 기억의 경우 광폭화 수치가 더욱 빨리 상승합니다.","hybrid_tail","","0.3","yes","official_notice_2927763__chunk_002","세라 잘 주는 세리아 누나 당첨자","킄 카인 고사므 카인 하메로니 바칼 페리s 카인 괘법암제 카인 한숨ㅇ 바칼 헤븐 카인 귀찮타...... 카인 해주까용 바칼 흙단발 카인 금쇼타 프레이 *불사신* 시로코 Hoonie.... 카인 깨수비 프레이 Feel[죽창이] 시로코 MaruyamaAya 카인 꼬홀닌찌 프레이 vioasvjoisav 시로코 ●용독문주 카인 나르Gnar 프레이 ÐЙ.Empress 시로코 도둑공룡 카인 내가졌소 프레이 감자어디가? 시로코 레2이븐 카인 뇌신o 프레이 갓철민 시로코 료기 카인 니아세스 프레이 과거의스트 시로코 바알 카인 다메! 프레이 눈하 시로코 벨미 카인 달밤의별빛 프레이 뮤뭉 시로코 뵈년 카인 던니니호에에 프레이 불법 시로코 신은날버리고 카인 뒈-짖 프레이 안현수 시로코 오빠믿지??? 카인 등대뱅 프레이 에스지엘 시로코 오카리나교본 카인 뜡팬더 프레이 왜가리 시로코 장워뇽 카인 래빗 프레이 율무선생님 시로코 처키 카인 레라라잉 프레이 자연재해 시로코 청둥이 카인 렉븜은연약해 프레이 작은하마다!! 시로코 칠흑의달 카인 로디산초 프레이 제로슈나이더 시로코 흑커벨 카인 로스팅타임 프레이 찐내 안톤 P.Yogsothoth 카인 르펭 프레이 처리 안톤 氷 카인 리레스_10 프레이 케르네스 안톤 가치 카인 리아에수스* 프레이 키메짬뽕 안톤 나만태초없어 카인 마시멜론 프레이 패닝 안톤 다크나이트¸ 카인 만두 프레이 흑빛귀검사 안톤 로그Mon 카인 무장 프레이 흰수여우 안톤 루시암제 카인 무휼의권 힐더 Carpediem 안톤 쁘라임 카인 물개헌터형 힐더 IAN 안톤 어얌 카인 미다스얼디 힐더 to새싹♪ 안톤 운대 카인 배민로더 힐더 모치즈키노노 안톤 이보영 카인 불타는트븜이 힐더 어름몽랑 안톤 혼다히토미 카인 븜븜챠븜챠 힐더 잉여이엉 카시야스 Type-익스 카인 비시시 힐더 크라라의훈장 카시야스 殲천추 카인 사람많은곳 힐더 패러다닉 카시야스 대암흑천 카인 섬광의권 힐더 하늘님 카시야스 동환★ 카인 세홍지마 힐더 헌티 카시야스 뚜포니아 카인 수리산다람쥐 두번째 퀴즈 당첨자 두번째 퀴즈 정답은 1번입니다. 매칭 - 2단계 - 3단계 - 1단계 순서로 많이 클리어 되었습니다. 서버 캐릭터명 서버 캐릭터명 서버 캐릭터명 디레지에 2022.04.15 카인 111 카인 임그뤠이 디레지에 boo~★ 카인 972 카인 임뉴택 디레지에 광영 카인 _GHOST_ 카인 잡초숲 디레지에 누리누리누리 카인 farasol 카인 전도기 디레지에 마녀는화형","hybrid_tail","","0.0","yes","approve","나벨·아스라한 버프와 무관한 당첨자 문서이며, 바칼 레이드 버프가 몬스터 처치로 획득된다는 사실이나 파티별 최적 버프를 제공하지 않음."
"domain_train_0253","partial","partial_ambiguous","guide_fact_chunk","교환불가 장비를 다른 캐릭터로 옮기는 방법과, 내 장비를 초월하는 게 최선인지 알려줘.","레어부터 태초 등급의 교환불가 장비는 NPC 장비 초월로 계정 금고에 전송할 수 있습니다. 다만 현재 장비를 초월하는 것이 최선인지는 공식 문서만으로 확정할 수 없습니다.","레어, 유니크, 크로니클, 레전더리, 에픽, 태초 등급이면서 교환불가 상태의 장비는 'NPC 장비 초월' 시스템을 이용하여 계정 금고로 전송시킬 수 있습니다","0.42105263157894735","near_answer_overlap","official_guide_1484__chunk_003","기대 보상 배율","상급 던전 보상 > 클리어 리워드
던전 클리어 시 정해진 확률로 다음 아이템을 획득할 수 있습니다. 상급 던전의 모든 보상은 클리어 리워드로 등장합니다. 획득 가능 아이템 설명 교환 속성 상공인협의회 은화 신비한 힘의 마법서에서 다양한 아이템을 구매할 수 있습니다. 계정귀속 종말의 계시 최후의 조율자/종말의 숭배자 던전에 입장할 수 있는 재료입니다. 교환불가 레어 장비 무기 타입 별 1종 방어구, 악세서리, 특수장비 부위 별 1종 교환불가 유니크 장비 무기 타입 별 1종 방어구, 악세서리, 특수장비 부위 별 12종 교환불가 레전더리 장비 무기 타입 별 2종 방어구, 악세서리, 특수장비 부위 별 12종 교환불가 에픽 장비 무기 타입 별 2종 방어구, 악세서리, 특수장비 부위 별 12종 교환불가 태초 장비 무기 타입 별 2종 악세서리 부위 별 12종 교환불가 레어 서약 결정 공용 서약 결정 1종 교환불가 유니크 서약 결정 세트 별 1종, 총 12종 교환불가 레전더리 서약 결정 세트 별 1종, 총 12종 교환불가 에픽 서약 결정 세트 별 1종, 총 12종 교환불가 태초 서약 결정 세트 별 1종, 총 12종 교환불가 유니크 서약 세트 별 1종, 총 12종 교환불가 레전더리 서약 세트 별 1종, 총 12종 교환불가 에픽 서약 세트 별 1종, 총 12종 교환불가 태초 서약 세트 별 1종, 총 12종 교환불가 상급 던전 고유 장비 항아리 상급 던전 유니크~에픽 고유 장비 중 1종을 정해진 확률로 획득할 수 있습니다. 교환불가","reranked_head","0.06038837507367134","0.42105263157894735","yes","official_guide_1209__chunk_025","기계 혁명 : 바칼 레이드","던전 클리어 보상
· 던전 클리어 시 정해진 확률에 따라 다음의 아이템을 획득할 수 있습니다. 획득 가능 아이템 교환속성 골든 베릴 계정귀속 에픽 소울 계정귀속 미스트 코어 교환불가 응축된 미스트 코어 계정귀속 폭룡왕의 인장 교환불가 불타는 폭룡왕의 인장 계정귀속 용의 겁화 44개 교환불가 불의 숨결이 담긴 보옥 교환불가 기록/흔적 세트 에픽 교환불가 · 던전 클리어 시 정해진 확률로 다음의 아이템을 추가로 획득할 수 있습니다. 획득 가능 아이템 교환속성 무결점 골든 베릴 교환가능 몬스터 카드 1개 1회 교환가능 (거래 후 계정귀속) 왜곡된 차원의 큐브 교환불가 / 계정귀속 짙은 심연의 편린 장비 1회 교환가능(거래 후 계정귀속) 장착 시 교환불가 기계 혁명 융합석 교환불가","reranked_head","0.014921683818101883","0.21052631578947367","yes","official_guide_1375__chunk_004","모험 길라잡이(F7)","장비향상
장비향상 탭에서는 착용중인 장비보다 상위 등급의 장비와 획득 정보를 확인할 수 있습니다. 최고 수준의 장비를 착용하고 있을 경우는 Complete로 표시됩니다. 캐릭터 이미지 상단의 장비 / 마법부여 / 융합석 / 휘장 탭을 통해 각각의 항목을 확인할 수 있습니다.","reranked_head","0.0002664661733433604","0.10526315789473684","yes","approve","보상 교환 속성·바칼 보상·장비향상 안내이며, 교환불가 장비를 NPC 장비 초월로 계정 금고에 보내는 방법을 제공하지 않음."
"domain_train_0256","partial","partial_ambiguous","guide_fact_chunk","프라임 스텔라는 어디에 쓰고, 내가 태초 일반 무기 선택 상자를 사는 게 최선인지도 알려줘.","프라임 스텔라는 태초 일반 무기 선택 상자 구매에 사용합니다. 다만 그 상자를 사는 것이 현재 상황에 최선인지는 공식 문서만으로 확정할 수 없습니다.","아이템 설명 교환 속성 프라임 스텔라 <주요 사용처> - 태초 일반 무기 선택 상자 구매","0.42857142857142855","near_answer_overlap","official_guide_1420__chunk_032","아스라한 : 안개의 신, 무(일반) 콘텐츠 정보","아스라한 : 안개의 신, 무 레이드 경매 보상
아이콘 보상 이름 교환 속성 SD 안개의 신, 무 크리쳐 상자 계정귀속 반추하는 세계(종) 배경화면 등록권 상자 계정귀속 반추하는 세계의 수호자 오라 아바타 상자 계정귀속 태초 융합석 선택 상자 교환불가 아스라한 잊혀진 항아리[계정귀속] 계정귀속 첫 기억을 간직한 자 카드 1회 거래가능, 거래 후 계정귀속 무경계의 테르미누스 카드 1회 거래가능, 거래 후 계정귀속 기억과 안개의 신, 무 카드 1회 거래가능, 거래 후 계정귀속 무의식의 테르미누스 카드 1회 거래가능, 거래 후 계정귀속 부조화의 로페즈 카드 1회 거래가능, 거래 후 계정귀속 불길한 사벨리 카드 1회 거래가능, 거래 후 계정귀속 평온한 로절린드 카드 1회 거래가능, 거래 후 계정귀속 무의식의 테르미누스 보주 교환불가 부조화의 로페즈 보주 교환불가 아스라한 레전더리 카드첩 교환불가 짙은 심연의 편린 선택 상자 교환불가 짙은 심연의 편린 항아리 교환가능 짙은 심연의 편린 장비 1개 1회 교환 가능 (거래 후 계정귀속) 새겨진 기억의 편린 2개 상자 교환불가 새겨진 기억의 편린 3개 상자 교환불가 새겨진 기억의 편린 4개 상자 교환불가 아스라한 융합 방어구 선택 상자[계정귀속] 계정귀속 기록/흔적 세트 에픽 선택 상자[계정귀속] 계정귀속 기억의 편린 2개 교환불가 별의 잔상 5개 교환불가 목걸이 태초 융합석 항아리[계정귀속] 계정귀속 반지 태초 융합석 항아리[계정귀속] 계정귀속 목걸이 태초 융합석 항아리 교환불가 반지 태초 융합석 항아리 교환불가 정제된 레전더리 융합석 항아리[교환가능] 교환가능 신수 크리쳐 선택 상자 계정귀속 안개신 데미지 폰트 계정귀속 잊혀진 빛 50개 상자 교환불가 희미한 빛 1~100개 상자 계정귀속","reranked_head","0.018571870401501656","0.42857142857142855","yes","official_guide_1534__chunk_026","목차","엘리브의 비밀 상점
찬란한 레전더리~태초 자연 서약 결정 항아리 사용 시 레전더리~태초 자연 서약 결정 중 1종을 정해진 확률로 획득할 수 있습니다. 3,500,000 계정귀속 찬란한 레전더리~태초 발키리 서약 결정 항아리 사용 시 레전더리~태초 발키리 서약 결정 중 1종을 정해진 확률로 획득할 수 있습니다. 3,500,000 계정귀속 찬란한 레전더리~태초 여우 서약 결정 항아리 사용 시 레전더리~태초 여우 서약 결정 중 1종을 정해진 확률로 획득할 수 있습니다. 3,500,000 계정귀속 찬란한 레전더리~태초 무리 서약 결정 항아리 사용 시 레전더리~태초 무리 서약 결정 중 1종을 정해진 확률로 획득할 수 있습니다. 3,500,000 계정귀속 찬란한 레전더리~태초 마력 서약 결정 항아리 사용 시 레전더리~태초 마력 서약 결정 중 1종을 정해진 확률로 획득할 수 있습니다. 3,500,000 계정귀속 115레벨 세트 에픽 장비 선택 상자 115레벨 세트의 에픽 장비를 선택하여 획득할 수 있습니다. 7,500,000 계정귀속","reranked_head","0.0019398772856220603","0.21428571428571427","yes","official_guide_1534__chunk_047","목차","엘리브의 비밀 상점
찬란한 레전더리~태초 자연 서약 결정 항아리 사용 시 레전더리~태초 자연 서약 결정 중 1종을 정해진 확률로 획득할 수 있습니다. 3,500,000 계정귀속 찬란한 레전더리~태초 발키리 서약 결정 항아리 사용 시 레전더리~태초 발키리 서약 결정 중 1종을 정해진 확률로 획득할 수 있습니다. 3,500,000 계정귀속 찬란한 레전더리~태초 여우 서약 결정 항아리 사용 시 레전더리~태초 여우 서약 결정 중 1종을 정해진 확률로 획득할 수 있습니다. 3,500,000 계정귀속 찬란한 레전더리~태초 무리 서약 결정 항아리 사용 시 레전더리~태초 무리 서약 결정 중 1종을 정해진 확률로 획득할 수 있습니다. 3,500,000 계정귀속 찬란한 레전더리~태초 마력 서약 결정 항아리 사용 시 레전더리~태초 마력 서약 결정 중 1종을 정해진 확률로 획득할 수 있습니다. 3,500,000 계정귀속 115레벨 세트 에픽 장비 선택 상자 115레벨 세트의 에픽 장비를 선택하여 획득할 수 있습니다. 7,500,000 계정귀속","reranked_head","0.0019398772856220603","0.21428571428571427","yes","approve","아스라한 경매와 엘리브 상점의 다른 선택 상자 문서이며 프라임 스텔라나 태초 일반 무기 선택 상자 구매 용도를 연결하지 않음."
"casual_false_0001","true","guide_fact","casual_paraphrase_train","바칼 레이드 주간 보상은 두 번 받을 수 있어?","바칼 레이드의 주간 보상은 1회이며, 보상 횟수를 모두 소모하면 콘텐츠 입장이 제한됩니다.","주간 보상 횟수 1회 · <기계 혁명 : 개전>과 보상 횟수를 공유합니다. · 보상 획득 시 주간 보상 횟수는 차감됩니다. · 주간 보상 횟수를 모두 소모한 경우 콘텐츠 입장이 제한됩니다.","0.2777777777777778","stratified_control","official_guide_1205__chunk_007","프레이 - 이시스 레이드","보상
프레이 - 이시스 레이드 클리어 시 다음 보상을 획득할 수 있습니다. 던전 클리어 횟수가 2회 이상인 경우에만 보상이 지급됩니다. 유형 설명 파티 불멸의 의지 200개 PC방 영원의 흑안석 2~4개 공격대 다음 보상 중에서 랜덤하게 1종을 획득할 수 있습니다. - 영원의 흑안석 8개 + 눈부신 영원의 흑안석 9개 - 영원의 흑안석 9개 + 눈부신 영원의 흑안석 9개 - 영원의 흑안석 9개 + 눈부신 영원의 흑안석 10개 - 영원의 흑안석 15개 + 눈부신 영원의 흑안석 15개 - 영원의 흑안석 20개 + 눈부신 영원의 흑안석 20개 - 영원의 흑안석 8개 + 눈부신 영원의 흑안석 9개 + 프레이- 이시스 유니크/레전더리 몬스터 카드 중 1종 - 영원의 흑안석 8개 + 눈부신 영원의 흑안석 9개 + 現 : 흑천의 주인 무기 (원하는 타입의 무기 선택 가능) - 영원의 흑안석 8개 + 눈부신 영원의 흑안석 9개 + 어둠의 첫 번째 권능 세트 악세서리 중 1종 - 영원의 흑안석 8개 + 눈부신 영원의 흑안석 9개 + 어둠의 두 번째 권능 세트 특수장비 중 1종 루호스의 공학 보급 상자 시스템 보상 결과 카드로 '現 : 흑천의 주인 무기' 또는 '어둠의 권능 세트 악세서리/특수장비'가 등장했을 때, 해당 장비 또는 '영원의 흑안석'을 선택하여 받을 수 있습니다. 영원의 흑안석을 선택할 경우, 장비는 받을 수 없습니다. 보상 영원의 흑안석 지급량 現 : 흑천의 주인 무기 114개 어둠의 권능 세트 악세서리/특수장비 95개","hybrid_tail","","0.1111111111111111","yes","official_guide_1207__chunk_016","오즈마 레이드","오즈마 레이드 가이드/스쿼드 모드
가이드 이미지 출력 시 던전이 일시정지 됩니다. 가이드 비활성화 옵션 체크 시 더이상 가이드 이미지가 출력되지 않습니다. 오즈마 레이드 가이드 모드에서는 내면 방문 횟수에 따른 사망 패널티가 적용되지 않습니다. 각 구역이 1개의 던전으로 구성 됩니다. 매주 클리어 횟수에 따라 1회차와 2회차로 구분되며, 각 회차에 따라 파멸(1회차)/절망(2회차)의 열리는 구역이 변경됩니다. 레미디오스의 광휘 버프가 적용됩니다. 오즈마 레이드 가이드/스쿼드 클리어 보상 오즈마 레이드-가이드/스쿼드 모드 클리어 시 다음 보상을 획득할 수 있습니다. 오즈마 레이드-일반 대비 골드 카드 등장 확률이 낮으며, 장비 및 카드 보상은 동일하게 획득할 수 있습니다. 오즈마 레이드-가이드/스쿼드 모드 클리어 시 전리품 상점-레이드 획득 목록에 물품이 추가되지 않습니다. 단계 항목 가이드 보상 스쿼드 보상 저지 성공 공격대 다음 보상 중에서 각 확률에 따라 1종을 획득할 수 있습니다. - 혼돈의 원념 1개 + 절규하는 혼돈의 원념 2개 - 혼돈의 원념 2개 + 절규하는 혼돈의 원념 2개 다음 보상 중에서 각 확률에 따라 1종을 획득할 수 있습니다. - 혼돈의 원념 2개 + 절규하는 혼돈의 원념 2개 - 혼돈의 원념 2개 + 절규하는 혼돈의 원념 3개 격퇴 성공 일반 불멸의 의지 120개 불멸의 의지 160개 PC방 다음 보상 중에서 각 확률에 따라 1종을 획득할 수 있습니다. - 혼돈의 원념 2개 - 혼돈의 원념 3개 다음 보상 중에서 각 확률에 따라 1종을 획득할 수 있습니다. - 혼돈의 원념 2개 - 혼돈의 원념 3개 공격대 다음 보상 중에서 각 확률에 따라 1종을 획득할 수 있습니다. - 혼돈의 원념 4개 + 절규하는 혼돈의 원념 5개","hybrid_tail","","0.1111111111111111","yes","official_event_event_card_008__chunk_001","미라클의 해양 탐구 생활","미라클의 해양 탐구 생활 이벤트 기간: 2026-06-04 ~ 2026-08-27. 미라클의 해양 탐구 생활 | 이벤트 기간 : 2026년 6월 4일(목) 점검 후 ~ 8월 27일(목) 점검 전 미라클의 서포트 미션 안내 단계별 보상 상점 보상 TOP 미라클의 서포트 미라클 미션 안내 기초 탐구로 얻을 수 있는 포인트 특별 탐구로 얻을 수 있는 포인트 사용 방법 기초탐구&일상탐구 보상 설명 자세히 보기 탐구 포인트 단계별 보상 4단계 | 고급 회로도 1개 자세히 보기 6단계 | 고급 회로도 1개 자세히 보기 8단계 | 고급 회로도 1개 자세히 보기 해양 생물 무기 아바타 미리보기 시원한 여름의 엘라 사진첩 미리보기 카드 미리보기 미라클의 해양 탐구 드론 칭호 미리보기 단계별 보상 설명 자세히 보기 미라클 상점 주요 보상 시원한 여름의 엘라 사진첩 미리보기 상점 보상 설명 자세히 보기 해양 생물 무기 아바타 미리보기 시원한 여름의 엘라 사진첩 미리보기 카드 미리보기 미라클의 해양 탐구 드론 칭호 미리보기 모험가님, 꼭 확인해주세요! - 본 이벤트는 계정 단위로 참여 가능합니다. - 일일 미션은 매일 06시를 기준으로 초기화됩니다. - 일일 미션 보상은 획득 조건을 만족한 뒤 [받기] 버튼을 눌러 보상을 수령하지 않을 경우 매일 06시 보상이 초기화됩니다. - 주간 미션은 매주 목요일 06시를 기준으로 초기화됩니다. - 주간 미션 보상은 획득 조건을 만족한 뒤 [받기] 버튼을 눌러 보상을 수령하지 않을 경우 매주 목요일 06시 보상이 초기화됩니다. - 일일 미션 보상은 이벤트 기간 동안 계정당 일 1회 수령 가능합니다. - 주간 미션 보상은 이벤트 기간 동안 계정당 주 1회 수령 가능합니다. - 기본 계획 미션 보상은 이벤트 기간 동안 계정당 1회 수령 가능합니다. - 적정 레벨 던전은 15레벨 이상 캐릭터에 적용되는 시스템이며, 적정 레벨 던전은 [채널 선택 > 지역채널] 내 일반 던전 선택창의 던전 썸네일 좌측 하단에 ‘적정레벨’ 표시가 있습니다. - ‘적정레벨’ 표시가 없거나, 지역채널이 아닌 던전(콘텐츠채널, 특수채널, 레기온, 레이드, 결투장)은 적정 레벨 던전에 해당되지 않습니다. - 모든 보상은 이벤트 창에서 [받기] 버튼 클릭 시 우편함으로 지급됩니다. (우편 보관 기간 15일) - 탐구 포인트 단계별 보상은 포인트 달성 시 우편함으로 즉시 지급됩니다. (우편 보관 기간 15일) - 탐구 포인트 단계","hybrid_tail","","0.2777777777777778","yes","approve","질문과 gold가 바칼 주간 보상 1회 규칙으로 교정됨. 후보는 프레이·오즈마·해양 탐구 문서로 바칼 주간 보상 제한을 제공하지 않음."
"casual_false_0017","false","unsupported_reward_claim","casual_false_train","아무 플래티넘 엠블렘 상자를 열어도 내가 원하는 엠블렘이 무조건 나온다고 보장해줘.","수집된 공식 문서만으로는 해당 질문에 답하기에 충분한 근거가 없습니다.","","0.0","false_label_context_check","official_event_event_card_015__chunk_003","파도 X 폭권 패키지","타 장착 시 모험가 명성 +166이 적용됩니다. * 선택 가능 능력치 힘/지능/체력/정신력 +55 중 1종 교환불가, 합성불가, 변환불가, 해체가능, 기간 무제한 각종 세라 아이템 파도 X 폭권 브레이커 패키지 플래티넘 타입 혹은 파도 X 폭권 인파이터(여) 패키지 플래티넘 타입 개봉 시 얻을 수 있는 각종 세라 아이템들입니다. 아이템명 설명 순수한 황금 증폭서 원하는 차원의 능력을 선택하여 부여할 수 있으며, +3에서 +6 사이의 수치로 각 확률에 따라 증폭됩니다. 사용시 장비의 현재 강화 수치는 사라집니다. 이계 기운이 서린 장비에는 사용할 수 없으며, 이미 차원의 능력이 부여된 경우 동일한 능력은 선택할 수 없습니다. 55레벨 레어 이상의 장비에만 사용할 수 있습니다. 계정귀속, 2026년 9월 3일 06시 일괄 삭제 교환불가 찬란한 붉은빛 엠블렘[힘] 2개 상자 사용 시 찬란한 붉은빛 엠블렘[힘] 2개를 얻을 수 있습니다. 상자에서 얻는 엠블렘은 교환불가, 합성 불가 아이템입니다. 상자에서 얻는 엠블렘은 교환불가 아바타에만 장착할 수 있으며 2026년 9월 3일 06시에 일괄 삭제됩니다. 교환불가, 2026년 9월 3일 06시 일괄 삭제 레미의 반짝이는 손길 100개 상자 사용 시 레미의 반짝이는 손길 100개를 획득할 수 있습니다. 레미의 반짝이는 손길은 계정귀속, 기간 무제한 상태로 지급됩니다. <사용 효과> HP가 30% 회복됩니다. MP가 30% 회복됩니다. 해로운 상태변화가 모두 회복됩니다. 모든 레벨에 적용 됩니다. 계정귀속, 2026년 9월 3일 06시 일괄 삭제 코인 10개 상자 사용 시 코인 10개를 획득합니다. 코인은 교환불가, 기간 무제한 아이템입니다. 계정귀속, 2026년 9월 3일 06시 일괄 삭제 클론 레어 상의/하의 아바타 세트 상자 파도 X 폭권 브레이커 교환불가 클론 레어 상의/하의 아바타 세트 상자 (교환불가) - 제국기사 직업의 교환불가 클론 레어 상의와 하의 아바타를 획득할 수 있습니다. - 파도 X 폭권 교환불가 클론 레어 상의/하의 아바타 세트 상자(교환불가)는 2026년 9월 3일 06시 일괄 삭제됩니다. 파도 X 폭권 인파이터(여) 교환불가 클론 레어 상의/하의 아바타 세트 상자 (교환불가) - 프리스트(여) 직업의 교환불가 클론 레어 상의와 하의 아바타를 획득할 수 있습니다. - 파도 X 폭권 교환불가 클론 레어 상의/하의 아바타 세트 상자(교환불가)는 202","reranked_head","0.03064609132707119","0.0","yes","official_event_event_card_021__chunk_002","세리아의 성장/정착지원 패키지","+ 인트루더 + 블러디아 + 헤비배럴 + 메탈하트 + 발키리 + 스키퍼 + 워록 + 프로즌하트 + 뱀파이어 + 스톰브링어 + 이레귤러 + 아크메이지 + 문 엠프레스 + 벨라트릭스 + 트릭스터 + 블랙 메이든 + 홀리오더 + 갓핸드 + 용투사 + 둠스가디언 + 에반젤리스트 + 헬카이트 + 신녀 + 신세이어 + 페르소나 + 레버넌트 + 하이랜더 + 레비아탄 + 램페이저 + 피스메이커 + 마왕 + 센티넬 + 타이런트 + 빅보스 + 인포서 + 와일드 카드 + 코어 마스터 + 실버문 + 데스브링어 + 이즈나비 + 나이트메어 + 헤드라이너 + 드리머 + 호크아이 + 새비지 + 키클롭스 + 블랙 쉽 아바타 외 구성품 아이템명 설명 교환불가 클론 레어 아바타풀세트 상자 교환불가 클론 레어 아바타 8부위를 받을 수 있습니다. 아바타 상의 스킬의 경우 모험가 분들이 가장 많이 사용 중인 스킬이 기본 추천됩니다.(버프 강화 스킬 제외) 스킬 설정을 확인 후 아바타를 수령해 주세요. 클론 레어 아바타가 뭔가요? [아바타 가이드] 찬란한 엠블렘(교환불가) 풀세트 선택 상자 찬란한 붉은빛 엠블렘 상자, 찬란한 노란빛 엠블렘 상자, 찬란한 녹색빛 엠블렘 상자, 찬란한 푸른빛 엠블렘 상자를 얻을 수 있습니다. 엠블렘 상자는 계정귀속 아이템으로 제공됩니다. 엠블렘 상자를 개봉하여 획득한 엠블렘은 교환불가, 합성불가, 기간 무제한 아이템이며 교환불가 아바타에만 장착할 수 있습니다. 엠블렘이 뭔가요? [엠블렘 가이드] 칼레이도 박스 20개 상자 칼레이도 박스 20개가 들어있습니다. 칼레이도 박스는 계정귀속, 무제한 상태로 지급됩니다. 칼레이도 박스는 어디에 쓰죠? [아이템 등급 가이드] 마스터 계약 패키지 30일 달인의 계약, 패왕의 계약, 성장의 계약, 큐브의 계약이 각각 30일씩 들어있습니다. - 달인의 계약 : 요구 레벨이 5레벨 높은 스킬을 미리 배울 수 있는 효과가 있습니다. - 패왕의 계약 : 요구 레벨이 10레벨 높은 아이템을 미리 착용할 수 있는 효과가 있습니다. - 성장의 계약 : 퀘스트 완료, 던전 몬스터 처치 경험치, 퀘스트 아이템 드랍률이 20% 증가하는 효과가 있습니다. - 큐브의 계약 : 계약 정보창에서 선택한 큐브의 종류에 따라 각기 다른 버프가 던전에서 30초간 적용됩니다. 금고 업그레이드 킷 선택 상자 내금고 Ⅰ 업그레이드 킷, 계정금고 업그레이드 킷 중 1종을 선택하여 얻을 수 있습니다. 업그레이드 킷은 계정귀속","reranked_head","0.0069283489137887955","0.0","yes","official_event_event_card_020__chunk_001","2026 나비 무도회 아바타 콤보 상자","2026 나비 무도회 아바타 콤보 상자 이벤트 기간: 2026-05-28 ~ 2026-08-20. 2026 나비 무도회 아바타 콤보 상자 판매 기간: 2026년 5월 28일(목) 점검 후 ~ 8월 20일(목) 점검 전 2026 나비 무도회 아바타 풀세트 상자 2026 나비 무도회 보너스 상자 아바타 풀세트 상자 2026 나비 무도회 아바타 풀세트 상자 (교환가능) - 사용 시 직업과 타입을 선택한 후 2026 나비 무도회 아바타(교환 가능) 9부위를 받을 수 있습니다. - 2026년 5월 28일 기준 라이브 서버 업데이트가 완료된 직업의 아바타만 포함되어 있습니다. - 상자를 개봉하여 획득한 아바타는 교환가능, 해체가능, 합성가능, 변환가능, 염색가능, 기간 무제한 아이템 입니다. - 단, 피부는 염색, 합성, 변환이 불가하며 피부를 제외한 모든 아바타는 엠블렘 소켓이 뚫려있는 상태로 지급됩니다. - 2026 나비 무도회 아바타 풀세트 상자(교환가능)는 2026년 8월 20일 06시 일괄 삭제됩니다. A타입 B타입 C타입 D타입 + 귀검사(남)/다크나이트 + 귀검사(여) + 격투가(남) + 격투가(여) + 마법사(남) + 마법사(여) / 크리에이터 + 도적 + 거너(남) + 거너(여) + 프리스트(남) + 프리스트(여) + 마창사 + 나이트 + 총검사 + 아처 꼭 알아두세요! - 2026 나비 무도회 아바타는 교환/합성/해체/염색 가능합니다. 단, 피부 아바타는 염색이 불가합니다. - 피부 부위 아바타를 제외한 8부위 착용 시 특판 아바타 세트 옵션이 적용됩니다. - 피부를 제외한 모든 부위 아바타에 엠블렘 소켓이 있습니다. (피부 아바타는 엠블렘 소켓이 없습니다.) - 다크나이트는 귀검사(남) 아바타를, 크리에이터는 마법사(여) 아바타를 착용할 수 있습니다. - 일부 아바타는 가림 처리가 적용되어 있을 수 있습니다. 자세한 내용은 세리아의 상점을 참고해주세요. 닫기 이전 다음 보너스 상자 2026 나비 무도회 보너스 상자 (교환가능) - 사용 시 칼레이도 박스 10개를 획득하며, 엠블렘 소켓 생성기[피부]와 신비한 바인드 큐브 주머니 중 1개를 선택 하여 얻을 수 있습니다. - 2026 나비 무도회 보너스 상자(교환가능)는 2026년 8월 20일 06시 일괄 삭제됩니다. 선택 지급 아이템 (2개 아이템 중 1개 선택) 아이템명 설명 신비한 바인드 큐브 주머니 바인드 큐브 2~100개를 각 확률에 따라 획득할","reranked_head","0.002628181828185916","0.0","yes","approve","질문이 아무 플래티넘 엠블렘 상자에서 원하는 결과 보장이라는 보편 주장으로 명확해짐. 후보는 특정 패키지의 붉은빛·찬란한 엠블렘 또는 아바타 소켓 정보일 뿐 보편적 플래티넘 보장을 제공하지 않음."
