slot_ordinal,slot_id,source_id,primary_dimension,candidate_id,question_text,as_of,time_scope,expected_response_mode,primary_document_title,primary_document_url,requirements_json,parent_overlap_exception_reason,author_status,review_status,reviewer_id,reviewed_at,review_rationale,execution_allowed,training_allowed
1,typed_generalization_slot_sha256_7a30d4ae96e73a7ccbf267743e953de80a98d5e65d73a7529a41d3d1adc9fdeb,dnf_notice,temporal_role,typed_generalization_candidate_sha256_71494f38e0d1b4a00fe89a405af068bcfb34e757cfe90df41dc9265a1ac30c02,2026년 세라 이용약관 개정안은 언제부터 적용돼?,2026-07-17,current,full_answer,세라 이용약관 개정 안내,https://df.nexon.com/community/news/notice/2927117,"[{""requirement_id"":""effective_date"",""subject"":""세라 이용약관 개정안"",""relation"":""effective_at"",""value_type"":""date"",""required_values"":[""2026-05-28""],""acceptable_evidence_units"":[{""document_id"":""document_sha256_085145b30c235432bceeafc29073b549da3b41962ab171f81f252a2aae8f0b99"",""chunk_id"":""chunk_sha256_9559f1305bfb2208a829c6b15f521e831fdc4e4d2ebbc62aa083bc98bec872c1"",""start_char"":100,""end_char"":125,""text"":""▒ 적용 일자\n- 2026년 5월 28일(목)"",""source_id"":""dnf_notice"",""title"":""세라 이용약관 개정 안내"",""canonical_url"":""https://df.nexon.com/community/news/notice/2927117"",""document_status"":""current""}],""expected_status"":""supported""}]",,draft_complete_pending_human_review,pending,,,,false,false
2,typed_generalization_slot_sha256_f2771bcf5d61efcbedaaee3de7fb99f0cf4ad83fbefe5ecb9b942355256e7fb4,dnf_notice,boolean_direction,typed_generalization_candidate_sha256_a1e406ce2163c631c442b9fc3820566f1948d7ce57700f0e975503b89d9e2756,4월 2일 확인된 오류 기준으로 조율의 경계에서 광휘의 의지를 열면 연출이 정상 출력됐어?,2026-07-17,current,full_answer,4/2(목) 확인된 오류 안내,https://df.nexon.com/community/news/notice/2926884,"[{""requirement_id"":""effect_rendered"",""subject"":""조율의 경계 - 광휘의 의지 개봉 연출"",""relation"":""is_normally_rendered"",""value_type"":""boolean"",""required_values"":[false],""acceptable_evidence_units"":[{""document_id"":""document_sha256_01ef4667e5e0b3e9c50db6463ba8c061b813085adba9d00766f2f3e44c4b6177"",""chunk_id"":""chunk_sha256_10d5fa24cd8c67df6976463117ac348c37fe3ff476a1053478d90caf9d4f3d6f"",""start_char"":121,""end_char"":156,""text"":""조율의 경계 - 광휘의 의지 개봉 시 연출이 출력되지 않는 현상"",""source_id"":""dnf_notice"",""title"":""4/2(목) 확인된 오류 안내"",""canonical_url"":""https://df.nexon.com/community/news/notice/2926884"",""document_status"":""current""}],""expected_status"":""supported""}]",,draft_complete_pending_human_review,pending,,,,false,false
3,typed_generalization_slot_sha256_c3540965e6ceea09885c616526e35e63e7ba9c1ff4152c0b68911a30bb94523d,dnf_notice,sibling_relation,typed_generalization_candidate_sha256_c90b427a544abb5f4aed5a9529a932cce101c13098b994a953e11e2f6291cfea,세리아와 함께한 20주년 선물 5주차 추첨에서 그래픽카드와 키보드·장패드는 각각 몇 개였어?,2026-07-17,current,full_answer,[5주차] 세리아와 함께한 20주년 선물 추첨 당첨자 발표,https://df.nexon.com/community/news/notice/2924996,"[{""requirement_id"":""graphics_card_quantity"",""subject"":""[20th special]던전 앤 그래픽카드"",""relation"":""drawing_goods_quantity"",""value_type"":""number"",""required_values"":[4],""acceptable_evidence_units"":[{""document_id"":""document_sha256_0cc780d0a8897dbfb8946825378b71fdb10ddddc8b0ef5dda6e34722ba6f44cd"",""chunk_id"":""chunk_sha256_eac72b4d5bb920cb99dc3530d5f8607122fa39d26e361afcc93269d1daa3fd8c"",""start_char"":226,""end_char"":255,""text"":""[20th special]던전 앤 그래픽카드 (4개)"",""source_id"":""dnf_notice"",""title"":""[5주차] 세리아와 함께한 20주년 선물 추첨 당첨자 발표"",""canonical_url"":""https://df.nexon.com/community/news/notice/2924996"",""document_status"":""current""}],""expected_status"":""supported""},{""requirement_id"":""keyboard_mousepad_quantity"",""subject"":""[20th special]20주년 키보드 + 장패드"",""relation"":""drawing_goods_quantity"",""value_type"":""number"",""required_values"":[12],""acceptable_evidence_units"":[{""document_id"":""document_sha256_0cc780d0a8897dbfb8946825378b71fdb10ddddc8b0ef5dda6e34722ba6f44cd"",""chunk_id"":""chunk_sha256_eac72b4d5bb920cb99dc3530d5f8607122fa39d26e361afcc93269d1daa3fd8c"",""start_char"":256,""end_char"":290,""text"":""[20th special]20주년 키보드 + 장패드 (12개)"",""source_id"":""dnf_notice"",""title"":""[5주차] 세리아와 함께한 20주년 선물 추첨 당첨자 발표"",""canonical_url"":""https://df.nexon.com/community/news/notice/2924996"",""document_status"":""current""}],""expected_status"":""supported""}]",,draft_complete_pending_human_review,pending,,,,false,false
4,typed_generalization_slot_sha256_71a3f2395b9aa5d5430572380e43912c5d7e3282a76379ae5b0adf07e771f506,dnf_notice,multi_requirement,typed_generalization_candidate_sha256_a4183b7359a0dc7b8d021c18fbf9861c527f5f1c8a9f99b864a1cc2cf1384562,"Chrome 141 업데이트로 ISP 결제에 어떤 영향이 있었고, 권한 알림이 뜨면 어떻게 해야 했어?",2026-07-17,current,full_answer,Chrome 브라우저 신규 버전(141) 업데이트 시 ISP 결제 불가 현상 및 조치 방법 안내,https://df.nexon.com/community/news/notice/2923292,"[{""requirement_id"":""payment_impact"",""subject"":""Chrome 141 업데이트"",""relation"":""payment_impact"",""value_type"":""text"",""required_values"":[""로컬 네트워크 접근이 기본 활성화로 변경되어 ISP 결제가 불가""],""acceptable_evidence_units"":[{""document_id"":""document_sha256_079f23d51a3f56a736ea69eee0f6f4e5fcdcb01d2364bad1550c93a8a2c0c2e9"",""chunk_id"":""chunk_sha256_9de3e9229cf67aff857e491937cdad538298a7729df5499dc49ab72cdde1b673"",""start_char"":271,""end_char"":343,""text"":""구글 크롬 브라우저 업데이트로 [로컬 네트워크 Local Network Access']이 기본 활성화로 변경되어 ISP 결제 불가"",""source_id"":""dnf_notice"",""title"":""Chrome 브라우저 신규 버전(141) 업데이트 시 ISP 결제 불가 현상 및 조치 방법 안내"",""canonical_url"":""https://df.nexon.com/community/news/notice/2923292"",""document_status"":""current""}],""expected_status"":""supported""},{""requirement_id"":""permission_action"",""subject"":""ISP 결제 로컬 네트워크 접근 알림"",""relation"":""recommended_action"",""value_type"":""enum"",""required_values"":[""허용""],""acceptable_evidence_units"":[{""document_id"":""document_sha256_079f23d51a3f56a736ea69eee0f6f4e5fcdcb01d2364bad1550c93a8a2c0c2e9"",""chunk_id"":""chunk_sha256_9de3e9229cf67aff857e491937cdad538298a7729df5499dc49ab72cdde1b673"",""start_char"":373,""end_char"":405,""text"":""로컬 네트워크 엑세스 허용/차단 알럿 발생 시, 허용 설정"",""source_id"":""dnf_notice"",""title"":""Chrome 브라우저 신규 버전(141) 업데이트 시 ISP 결제 불가 현상 및 조치 방법 안내"",""canonical_url"":""https://df.nexon.com/community/news/notice/2923292"",""document_status"":""current""}],""expected_status"":""supported""}]",,draft_complete_pending_human_review,pending,,,,false,false
5,typed_generalization_slot_sha256_0e8503d2117bcf6409764ccd21d8ca7333163e6f6359e693b611c37001b16aad,dnf_notice,table_attribute,typed_generalization_candidate_sha256_5c176e5a886a695bd9ed7b1346c261d900afadccc4327f4ab21be3b0e83f4a5e,2026년 4월 2일 정기점검은 몇 시부터 몇 시까지였어?,2026-07-17,historical,full_answer,4/2(목) 정기점검 안내,https://df.nexon.com/community/news/notice/2926860,"[{""requirement_id"":""maintenance_time"",""subject"":""2026년 4월 2일 정기점검"",""relation"":""maintenance_time"",""value_type"":""date_range"",""required_values"":[""04:30"",""10:00""],""acceptable_evidence_units"":[{""document_id"":""document_sha256_4aef843c8996086e3753cb8b65fd6bdb1b591feb7b470aaf6c8baa2c5d5d243c"",""chunk_id"":""chunk_sha256_e895a05fe7feef204a5ba199b0e8794959711ef0508e618b10b0d94b5285cc24"",""start_char"":121,""end_char"":143,""text"":""| 시간 | 04:30 ~ 10:00 |"",""source_id"":""dnf_notice"",""title"":""4/2(목) 정기점검 안내"",""canonical_url"":""https://df.nexon.com/community/news/notice/2926860"",""document_status"":""current""}],""expected_status"":""supported""}]",,draft_complete_pending_human_review,pending,,,,false,false
6,typed_generalization_slot_sha256_9fd322557b245f5673058b06a2c8f807271dc0a83923999b43195ce8edd92a5b,dnf_notice,revision_selection,typed_generalization_candidate_sha256_52cf0807234a1e5f8df280126bbe6d0e504b749029294e0b91e16fb0addf7efb,2025년에 공지된 던전앤파이터 운영정책 변경은 언제 시행될 예정이었어?,2026-07-17,historical,full_answer,던전앤파이터 운영정책 변경 안내,https://df.nexon.com/community/news/notice/2923361,"[{""requirement_id"":""policy_effective_date"",""subject"":""던전앤파이터 운영정책 변경"",""relation"":""effective_at"",""value_type"":""date"",""required_values"":[""2025-11-01""],""acceptable_evidence_units"":[{""document_id"":""document_sha256_0729e99a8f2a7bff82aa522667d519d80a194369910a8c020f54825ab627c51d"",""chunk_id"":""chunk_sha256_15cf260ff6e53ec7aee7f2bf777c7d9c548d3551b049e287843b00c9b0c91790"",""start_char"":86,""end_char"":108,""text"":""2025년 11월 1일 자로 변경이 예정"",""source_id"":""dnf_notice"",""title"":""던전앤파이터 운영정책 변경 안내"",""canonical_url"":""https://df.nexon.com/community/news/notice/2923361"",""document_status"":""current""}],""expected_status"":""supported""}]",,draft_complete_pending_human_review,pending,,,,false,false
7,typed_generalization_slot_sha256_dce2ceb1aa4b5bfdbc3aac04c1fcd74c7d85021dfd9db3d18da9c0d53f0ccd7e,dnf_notice,unsupported_or_partial,typed_generalization_candidate_sha256_c40f926895ef80cdc9cbaecbd3b7fc7f24dd84efa37628be4a1033174071bbe1,4월 2일 조율의 경계 연출 오류는 확인 중이었는지와 정확한 수정 완료 시각을 알려줘.,2026-07-17,current,partial_answer,4/2(목) 확인된 오류 안내,https://df.nexon.com/community/news/notice/2926884,"[{""requirement_id"":""investigation_status"",""subject"":""조율의 경계 연출 오류"",""relation"":""investigation_status"",""value_type"":""enum"",""required_values"":[""확인 중""],""acceptable_evidence_units"":[{""document_id"":""document_sha256_01ef4667e5e0b3e9c50db6463ba8c061b813085adba9d00766f2f3e44c4b6177"",""chunk_id"":""chunk_sha256_10d5fa24cd8c67df6976463117ac348c37fe3ff476a1053478d90caf9d4f3d6f"",""start_char"":159,""end_char"":185,""text"":""오류 확인중에 있으며 추후 공지사항을 통해 안내"",""source_id"":""dnf_notice"",""title"":""4/2(목) 확인된 오류 안내"",""canonical_url"":""https://df.nexon.com/community/news/notice/2926884"",""document_status"":""current""}],""expected_status"":""supported""},{""requirement_id"":""fixed_at"",""subject"":""조율의 경계 연출 오류"",""relation"":""fixed_at"",""value_type"":""datetime"",""required_values"":[],""acceptable_evidence_units"":[],""expected_status"":""unsupported""}]",,draft_complete_pending_human_review,pending,,,,false,false
8,typed_generalization_slot_sha256_4b2b8986e4bf035d88c450f30ec9656857b788ae29e2e60b65caa45b3017649a,dnf_notice,direct_fact,typed_generalization_candidate_sha256_fd8ca0f4bce1cd7a587795f4122521418cf89c962729a5d8da1160079b32dbf0,세리아의 특별 상점은 게임 안에서 어디서 찾을 수 있어?,2026-07-17,current,full_answer,6/12(금) 세리아 특별 상점 물품 판매 안내,https://df.nexon.com/community/news/notice/2927710,"[{""requirement_id"":""shop_location"",""subject"":""세리아의 특별 상점"",""relation"":""location"",""value_type"":""text"",""required_values"":[""세리아방의 NPC 세리아""],""acceptable_evidence_units"":[{""document_id"":""document_sha256_02b647e98136fec7c3e8365815de0f40fafb52a478b80d4fb0e32a8033b142e6"",""chunk_id"":""chunk_sha256_5ac51535e2805865522412deac4cfb565e9ad9faa4e57a67db855d69dcfbaf73"",""start_char"":280,""end_char"":310,""text"":""세리아방의 NPC 세리아를 클릭하면 찾을 수 있습니다."",""source_id"":""dnf_notice"",""title"":""6/12(금) 세리아 특별 상점 물품 판매 안내"",""canonical_url"":""https://df.nexon.com/community/news/notice/2927710"",""document_status"":""current""}],""expected_status"":""supported""}]",,draft_complete_pending_human_review,pending,,,,false,false
9,typed_generalization_slot_sha256_b399b6d25d5a23bb303987e2e65aa80cddd4ca3a4175e44d9d4b5142106bcbed,dnf_update,temporal_role,typed_generalization_candidate_sha256_cfc64ffb1be71b29ac49f9e5f2c24d8799c364f1950a282e5b1ba105931162df,시즌 11 Act 2 '제국의 파도 & 폭권' 업데이트는 언제 적용됐어?,2026-07-17,current,full_answer,시즌 11 Act 2. 제국의 파도 ＆ 폭권,https://df.nexon.com/community/news/update/2927617,"[{""requirement_id"":""effective_date"",""subject"":""시즌 11 Act 2. 제국의 파도 & 폭권"",""relation"":""effective_at"",""value_type"":""date"",""required_values"":[""2026-06-04""],""acceptable_evidence_units"":[{""document_id"":""document_sha256_81cd2addd84b453ac055d32dbe94aeb3c49e3067583cca75eb996b30f479992f"",""chunk_id"":""chunk_sha256_6de95eb00fcbda18d712b0de56741997ad433988cba9680eed832cc46a554668"",""start_char"":77,""end_char"":99,""text"":""6/4(목) 점검 중 업데이트 되는 내용"",""source_id"":""dnf_update"",""title"":""시즌 11 Act 2. 제국의 파도 ＆ 폭권"",""canonical_url"":""https://df.nexon.com/community/news/update/2927617"",""document_status"":""current""}],""expected_status"":""supported""}]",,draft_complete_pending_human_review,pending,,,,false,false
10,typed_generalization_slot_sha256_855dc8264913fd147ac1e52fb478849e5052d0424305cc2b269d008d4558d7f2,dnf_update,boolean_direction,typed_generalization_candidate_sha256_394f2eb1f386d76794d6e091ff82bc4e5aacea074b02607092d56369cdc6dbfa,7월 9일 업데이트에서 DirectX11의 높은 메모리 사용량 문제가 수정됐어?,2026-07-17,current,full_answer,7/9(목) 정기점검 업데이트 안내,https://df.nexon.com/community/news/update/2927913,"[{""requirement_id"":""dx11_memory_fixed"",""subject"":""DirectX11 높은 메모리 사용량"",""relation"":""is_fixed"",""value_type"":""boolean"",""required_values"":[true],""acceptable_evidence_units"":[{""document_id"":""document_sha256_d87ef4a96a0ca6cf4d658f37860b6d9f57347d0fb4743f03bb34907610692c97"",""chunk_id"":""chunk_sha256_335e912feb7afd35d6f84f0f577b90bb62358201bedde54ff8784877dd910085"",""start_char"":123,""end_char"":172,""text"":""DirectX11 이용 시 DirectX9 대비 메모리 사용량이 높은 현상이 수정됩니다."",""source_id"":""dnf_update"",""title"":""7/9(목) 정기점검 업데이트 안내"",""canonical_url"":""https://df.nexon.com/community/news/update/2927913"",""document_status"":""current""}],""expected_status"":""supported""}]",,draft_complete_pending_human_review,pending,,,,false,false
11,typed_generalization_slot_sha256_73d4c8f119a07e7fbdb10da2b513158f5ecfd4da8cac37f4c1a18837215100d5,dnf_update,sibling_relation,typed_generalization_candidate_sha256_ac2b0ea717e6bd15ab77e2e19758ef2f750113cbfdb8996fb6ca71a7cb7e4cad,7월 9일 최적화 업데이트에서 던전 플레이 메모리와 DirectX11 메모리는 각각 어떻게 바뀌었어?,2026-07-17,current,full_answer,7/9(목) 정기점검 업데이트 안내,https://df.nexon.com/community/news/update/2927913,"[{""requirement_id"":""dungeon_memory"",""subject"":""던전 플레이 메모리 사용량"",""relation"":""change"",""value_type"":""enum"",""required_values"":[""감소""],""acceptable_evidence_units"":[{""document_id"":""document_sha256_d87ef4a96a0ca6cf4d658f37860b6d9f57347d0fb4743f03bb34907610692c97"",""chunk_id"":""chunk_sha256_335e912feb7afd35d6f84f0f577b90bb62358201bedde54ff8784877dd910085"",""start_char"":75,""end_char"":116,""text"":""던전 플레이 과정에서 발생하는 일부 비정상적인 메모리 사용량이 감소합니다."",""source_id"":""dnf_update"",""title"":""7/9(목) 정기점검 업데이트 안내"",""canonical_url"":""https://df.nexon.com/community/news/update/2927913"",""document_status"":""current""}],""expected_status"":""supported""},{""requirement_id"":""dx11_memory"",""subject"":""DirectX11 메모리 사용량 문제"",""relation"":""change"",""value_type"":""enum"",""required_values"":[""수정""],""acceptable_evidence_units"":[{""document_id"":""document_sha256_d87ef4a96a0ca6cf4d658f37860b6d9f57347d0fb4743f03bb34907610692c97"",""chunk_id"":""chunk_sha256_335e912feb7afd35d6f84f0f577b90bb62358201bedde54ff8784877dd910085"",""start_char"":123,""end_char"":172,""text"":""DirectX11 이용 시 DirectX9 대비 메모리 사용량이 높은 현상이 수정됩니다."",""source_id"":""dnf_update"",""title"":""7/9(목) 정기점검 업데이트 안내"",""canonical_url"":""https://df.nexon.com/community/news/update/2927913"",""document_status"":""current""}],""expected_status"":""supported""}]",,draft_complete_pending_human_review,pending,,,,false,false
12,typed_generalization_slot_sha256_76ba4e73441260531de78aaf3341ccac408477a7d89f2647345167e27bb066ba,dnf_update,multi_requirement,typed_generalization_candidate_sha256_ec1f2fd8f2807f8a29c487636e109a0526b948715d26f3cbbfb7b06354b7702f,5월 28일 업데이트의 태초 소울 1개 상자는 광휘의 잔영 몇 개였고 월 구매 제한은 몇 회였어?,2026-07-17,current,full_answer,5/28(목) 정기점검 업데이트 안내,https://df.nexon.com/community/news/update/2927522,"[{""requirement_id"":""price"",""subject"":""태초 소울 1개 상자"",""relation"":""price"",""value_type"":""currency"",""required_values"":[{""amount"":120,""unit"":""광휘의 잔영""}],""acceptable_evidence_units"":[{""document_id"":""document_sha256_c647b13a7bdc33cea37f58a83827337fb410cc4cd6530cc1f24e02b0e900ccb3"",""chunk_id"":""chunk_sha256_5b284aab49ae09f84883bf38acc9de2319359bd728b9c49d10ee171224679f3b"",""start_char"":231,""end_char"":360,""text"":""| 태초 소울 1개 상자 | 사용 시 태초 소울 1개를 획득할 수 있습니다. <구매 가능 횟수> - 월 4회 남은 구매 횟수는 최대 4회까지 다음달로 이월되어 적용됩니다. | 교환불가 | 광휘의 잔영 120개 | 계정당 월 4회 |"",""source_id"":""dnf_update"",""title"":""5/28(목) 정기점검 업데이트 안내"",""canonical_url"":""https://df.nexon.com/community/news/update/2927522"",""document_status"":""current""}],""expected_status"":""supported""},{""requirement_id"":""monthly_limit"",""subject"":""태초 소울 1개 상자"",""relation"":""purchase_limit"",""value_type"":""number"",""required_values"":[4],""acceptable_evidence_units"":[{""document_id"":""document_sha256_c647b13a7bdc33cea37f58a83827337fb410cc4cd6530cc1f24e02b0e900ccb3"",""chunk_id"":""chunk_sha256_5b284aab49ae09f84883bf38acc9de2319359bd728b9c49d10ee171224679f3b"",""start_char"":231,""end_char"":360,""text"":""| 태초 소울 1개 상자 | 사용 시 태초 소울 1개를 획득할 수 있습니다. <구매 가능 횟수> - 월 4회 남은 구매 횟수는 최대 4회까지 다음달로 이월되어 적용됩니다. | 교환불가 | 광휘의 잔영 120개 | 계정당 월 4회 |"",""source_id"":""dnf_update"",""title"":""5/28(목) 정기점검 업데이트 안내"",""canonical_url"":""https://df.nexon.com/community/news/update/2927522"",""document_status"":""current""}],""expected_status"":""supported""}]",,draft_complete_pending_human_review,pending,,,,false,false
13,typed_generalization_slot_sha256_240ee3b26ea51d61e67a1fe55fd1bad549f5b01c80511dfa91a77ecaa3e174aa,dnf_update,table_attribute,typed_generalization_candidate_sha256_36d66adbf05c9b433f59e8ef702bb0f79ee3f55ccbcd4480fc057fa38812fd29,5월 28일 업데이트에서 광휘의 잔영의 거래 타입은 뭐였어?,2026-07-17,current,full_answer,5/28(목) 정기점검 업데이트 안내,https://df.nexon.com/community/news/update/2927522,"[{""requirement_id"":""trade_type"",""subject"":""광휘의 잔영"",""relation"":""trade_type"",""value_type"":""enum"",""required_values"":[""교환불가""],""acceptable_evidence_units"":[{""document_id"":""document_sha256_c647b13a7bdc33cea37f58a83827337fb410cc4cd6530cc1f24e02b0e900ccb3"",""chunk_id"":""chunk_sha256_d658e65e92811f98db96a65677a0a0c05bc4bb4579210e1fcf1b68fbb93c808d"",""start_char"":166,""end_char"":288,""text"":""| 광휘의 잔영 | NPC 켈돈 자비 상점에서 다음 아이템 구매에 사용합니다. 태초 광휘의 의지 태초 소울 1개 상자 에픽 소울 1개 상자 영롱한 조율의 추 1개 상자 광휘의 잔영 1개 상자 (계정귀속) | 교환불가 |"",""source_id"":""dnf_update"",""title"":""5/28(목) 정기점검 업데이트 안내"",""canonical_url"":""https://df.nexon.com/community/news/update/2927522"",""document_status"":""current""}],""expected_status"":""supported""}]",,draft_complete_pending_human_review,pending,,,,false,false
14,typed_generalization_slot_sha256_958b41f16c8f0f9856f09fa67b0fda877d5364ea60c3227541238c586a36ce6a,dnf_update,revision_selection,typed_generalization_candidate_sha256_561505b9e735e3d0cbd855942f88bc1bc3ddff6bdbd2a25a2190b7b8a9f1fc0b,시즌 11 Act 1 업데이트 공지는 어느 날짜 점검에 적용된다고 했어?,2026-07-17,historical,full_answer,시즌 11 Act 1. 아포칼립스 : 안티엔바이,https://df.nexon.com/community/news/update/2927122,"[{""requirement_id"":""effective_date"",""subject"":""시즌 11 Act 1"",""relation"":""effective_at"",""value_type"":""date"",""required_values"":[""2026-04-23""],""acceptable_evidence_units"":[{""document_id"":""document_sha256_c0f6428523ffb1bd849fe30fb4d4721315f5c0605f495da9c70c33b0ce2a7f23"",""chunk_id"":""chunk_sha256_96764b73086b7d3e7439fdd4e5113025a0c57a427e260260817d0516bd96a4a1"",""start_char"":79,""end_char"":102,""text"":""4/23(목) 점검 중 업데이트 되는 내용"",""source_id"":""dnf_update"",""title"":""시즌 11 Act 1. 아포칼립스 : 안티엔바이"",""canonical_url"":""https://df.nexon.com/community/news/update/2927122"",""document_status"":""current""}],""expected_status"":""supported""}]",,draft_complete_pending_human_review,pending,,,,false,false
15,typed_generalization_slot_sha256_61d6a105236e599b4d39edce90ba8f5a5e3396fc5e3cde3f6493e2528866719b,dnf_update,unsupported_or_partial,typed_generalization_candidate_sha256_638ee7ae9476a516db4f4e7c5ef371d5e3cbc23d7603fcafb53eb68fde465921,7월 9일 업데이트에서 DirectX11 메모리 문제의 수정 여부와 메모리 사용량 감소율을 알려줘.,2026-07-17,current,partial_answer,7/9(목) 정기점검 업데이트 안내,https://df.nexon.com/community/news/update/2927913,"[{""requirement_id"":""fixed"",""subject"":""DirectX11 높은 메모리 사용량"",""relation"":""is_fixed"",""value_type"":""boolean"",""required_values"":[true],""acceptable_evidence_units"":[{""document_id"":""document_sha256_d87ef4a96a0ca6cf4d658f37860b6d9f57347d0fb4743f03bb34907610692c97"",""chunk_id"":""chunk_sha256_335e912feb7afd35d6f84f0f577b90bb62358201bedde54ff8784877dd910085"",""start_char"":123,""end_char"":172,""text"":""DirectX11 이용 시 DirectX9 대비 메모리 사용량이 높은 현상이 수정됩니다."",""source_id"":""dnf_update"",""title"":""7/9(목) 정기점검 업데이트 안내"",""canonical_url"":""https://df.nexon.com/community/news/update/2927913"",""document_status"":""current""}],""expected_status"":""supported""},{""requirement_id"":""reduction_percentage"",""subject"":""DirectX11 메모리 사용량"",""relation"":""reduction_percentage"",""value_type"":""percentage"",""required_values"":[],""acceptable_evidence_units"":[],""expected_status"":""unsupported""}]",,draft_complete_pending_human_review,pending,,,,false,false
16,typed_generalization_slot_sha256_86b9ae1a89aeb1a7993e9ac6e1be403a535d542370df764011419f0b176085ac,dnf_update,direct_fact,typed_generalization_candidate_sha256_6dcc11b20877211f1ab5fb349cbe293a682ea5a12adcdbb05607f2b3f1aae994,7월 9일 업데이트에서 디레지에 레이드 입장 시 무엇이 개선됐어?,2026-07-17,current,full_answer,7/9(목) 정기점검 업데이트 안내,https://df.nexon.com/community/news/update/2927913,"[{""requirement_id"":""improvement"",""subject"":""디레지에 레이드 던전 입장"",""relation"":""improvement"",""value_type"":""text"",""required_values"":[""로딩 속도""],""acceptable_evidence_units"":[{""document_id"":""document_sha256_d87ef4a96a0ca6cf4d658f37860b6d9f57347d0fb4743f03bb34907610692c97"",""chunk_id"":""chunk_sha256_335e912feb7afd35d6f84f0f577b90bb62358201bedde54ff8784877dd910085"",""start_char"":173,""end_char"":206,""text"":""디레지에 레이드 - 던전 입장 시의 로딩 속도가 개선됩니다."",""source_id"":""dnf_update"",""title"":""7/9(목) 정기점검 업데이트 안내"",""canonical_url"":""https://df.nexon.com/community/news/update/2927913"",""document_status"":""current""}],""expected_status"":""supported""}]",,draft_complete_pending_human_review,pending,,,,false,false
17,typed_generalization_slot_sha256_30ecb60e07c31df31ff818ec26da63d2a71b6f5f845a69fd35ba36d09300cd6d,dnf_event,temporal_role,typed_generalization_candidate_sha256_90f907993c093ba4d8eff9e110262f82c4e0a1c2c1b9f60c1f4de72ab41a15b5,미라클의 해양 탐구 생활 이벤트 기간은 언제부터 언제까지야?,2026-07-17,current,full_answer,미라클의 해양 탐구 생활,https://df.nexon.com/pg/oceanmiracle,"[{""requirement_id"":""event_period"",""subject"":""미라클의 해양 탐구 생활"",""relation"":""event_period"",""value_type"":""date_range"",""required_values"":[""2026-06-04"",""2026-08-27""],""acceptable_evidence_units"":[{""document_id"":""document_sha256_4f1c89ac2c57984bf9961dcc5a91510608ce28559bb2325c830c2f8040c31a09"",""chunk_id"":""chunk_sha256_7d5d83b9c76f6df1a7dd1ad6b63725aa5f3ab83080ebc847768182660bf1688a"",""start_char"":32,""end_char"":77,""text"":""이벤트 기간 : 2026년 6월 4일(목) 점검 후 ~ 8월 27일(목) 점검 전"",""source_id"":""dnf_event"",""title"":""미라클의 해양 탐구 생활"",""canonical_url"":""https://df.nexon.com/pg/oceanmiracle"",""document_status"":""current""}],""expected_status"":""supported""}]",,draft_complete_pending_human_review,pending,,,,false,false
18,typed_generalization_slot_sha256_dd01e4b61a06eb7dc97b95e4008cc2755a160b1d651e4adf2e6b3ba425a89e15,dnf_event,boolean_direction,typed_generalization_candidate_sha256_7826adf92cf4f46e6699a6695fa4e49ee4b3ce5d8e5a755bd62957b6e3c6bf65,썸머 블라썸의 여름을 부탁해 이벤트 효과는 결투장에도 적용돼?,2026-07-17,current,full_answer,썸머 블라썸의 여름을 부탁해!,https://df.nexon.com/pg/summerblossom,"[{""requirement_id"":""applies_to_arena"",""subject"":""썸머 블라썸 이벤트 효과"",""relation"":""applies_to_duel_arena"",""value_type"":""boolean"",""required_values"":[false],""acceptable_evidence_units"":[{""document_id"":""document_sha256_92884bf5b5d46d212a6f4f689f35d17c4654efc1d4c39c70b3e3505a16420689"",""chunk_id"":""chunk_sha256_f04ee395ae2417eab788807cfee1a6189c79acd2b12dd81360d5b40dd056eb37"",""start_char"":274,""end_char"":335,""text"":""결투장/위업의 기억/해방된 흉몽 챌린지/월드보스 : 감염지/디레지에 레이드/아포칼립스에서는 적용되지 않습니다."",""source_id"":""dnf_event"",""title"":""썸머 블라썸의 여름을 부탁해!"",""canonical_url"":""https://df.nexon.com/pg/summerblossom"",""document_status"":""current""}],""expected_status"":""supported""}]",,draft_complete_pending_human_review,pending,,,,false,false
19,typed_generalization_slot_sha256_69bd87f0ee515ad16e1e38ab6474b1f90375dd22466aa2d0593efc7cb0210920,dnf_event,sibling_relation,typed_generalization_candidate_sha256_2b4e7b992d94851f2f503ee5b10654e8476bd95b04dfb489bc5af5fe3897773f,썸머 특제 피로도 30 회복의 비약은 1회차와 7회차에 각각 얼마였어?,2026-07-17,current,full_answer,썸머 특제 피로도 30 회복의 비약,https://df.nexon.com/community/news/seriashop/626,"[{""requirement_id"":""first_purchase_price"",""subject"":""[세라샵]2026 썸머 특제 피로도 30 회복의 비약 NO.1"",""relation"":""price"",""value_type"":""currency"",""required_values"":[{""amount"":500,""unit"":""세라""}],""acceptable_evidence_units"":[{""document_id"":""document_sha256_6bc3e01a673d4f734721e1291a8f5efff8e55e90114fd57981b5b73226afe888"",""chunk_id"":""chunk_sha256_94379e20d73b98a29c63d351a0ed78a8551675f120ad178f57a1598091933f19"",""start_char"":701,""end_char"":755,""text"":""| 1회차 | | [세라샵]2026 썸머 특제 피로도 30 회복의 비약 NO.1 | 500세라 |"",""source_id"":""dnf_event"",""title"":""썸머 특제 피로도 30 회복의 비약"",""canonical_url"":""https://df.nexon.com/community/news/seriashop/626"",""document_status"":""current""}],""expected_status"":""supported""},{""requirement_id"":""seventh_purchase_price"",""subject"":""[세라샵]2026 썸머 특제 피로도 30 회복의 비약 NO.7"",""relation"":""price"",""value_type"":""currency"",""required_values"":[{""amount"":2000,""unit"":""세라""}],""acceptable_evidence_units"":[{""document_id"":""document_sha256_6bc3e01a673d4f734721e1291a8f5efff8e55e90114fd57981b5b73226afe888"",""chunk_id"":""chunk_sha256_94379e20d73b98a29c63d351a0ed78a8551675f120ad178f57a1598091933f19"",""start_char"":1039,""end_char"":1095,""text"":""| 7회차 | | [세라샵]2026 썸머 특제 피로도 30 회복의 비약 NO.7 | 2,000세라 |"",""source_id"":""dnf_event"",""title"":""썸머 특제 피로도 30 회복의 비약"",""canonical_url"":""https://df.nexon.com/community/news/seriashop/626"",""document_status"":""current""}],""expected_status"":""supported""}]",,draft_complete_pending_human_review,pending,,,,false,false
20,typed_generalization_slot_sha256_238d40b992a8bfe9d914f2e201cf5c74fcfef15ac9d9856243632ca33bc3fdfd,dnf_event,multi_requirement,typed_generalization_candidate_sha256_98ad19886a239f57d4e4252af48e97a041710db09d209431d8f6632cd54945bb,"미카엘라 프리뷰 방송은 언제 열리고, 어디에서 볼 수 있어?",2026-07-17,current,full_answer,미카엘라 프리뷰 방송 안내,https://df.nexon.com/pg/michaelapreviewlive,"[{""requirement_id"":""broadcast_at"",""subject"":""미카엘라 프리뷰 방송"",""relation"":""broadcast_at"",""value_type"":""datetime"",""required_values"":[""2026-07-25T19:00:00+09:00""],""acceptable_evidence_units"":[{""document_id"":""document_sha256_8778ae28b6314bfa635fe5d28630b58ba0c3069571b18e4673b0f2c5ba3cc499"",""chunk_id"":""chunk_sha256_f68c78778cef502069076dcf5a8935ca5145018198a723a2c892d0ae7f09e64f"",""start_char"":117,""end_char"":138,""text"":""2026년 7월 25일(토) 오후 7시"",""source_id"":""dnf_event"",""title"":""미카엘라 프리뷰 방송 안내"",""canonical_url"":""https://df.nexon.com/pg/michaelapreviewlive"",""document_status"":""current""}],""expected_status"":""supported""},{""requirement_id"":""channels"",""subject"":""미카엘라 프리뷰 방송"",""relation"":""broadcast_channels"",""value_type"":""entity_list"",""required_values"":[""넥슨 라이브"",""던파TV""],""acceptable_evidence_units"":[{""document_id"":""document_sha256_8778ae28b6314bfa635fe5d28630b58ba0c3069571b18e4673b0f2c5ba3cc499"",""chunk_id"":""chunk_sha256_f68c78778cef502069076dcf5a8935ca5145018198a723a2c892d0ae7f09e64f"",""start_char"":139,""end_char"":145,""text"":""넥슨 라이브"",""source_id"":""dnf_event"",""title"":""미카엘라 프리뷰 방송 안내"",""canonical_url"":""https://df.nexon.com/pg/michaelapreviewlive"",""document_status"":""current""},{""document_id"":""document_sha256_8778ae28b6314bfa635fe5d28630b58ba0c3069571b18e4673b0f2c5ba3cc499"",""chunk_id"":""chunk_sha256_56afe98d2c5e858fa24274290350f47eb3f7e7328217246f2a2eaeaff6a378c1"",""start_char"":75,""end_char"":103,""text"":""YouTube 던파TV 채널에서도 동시 송출됩니다."",""source_id"":""dnf_event"",""title"":""미카엘라 프리뷰 방송 안내"",""canonical_url"":""https://df.nexon.com/pg/michaelapreviewlive"",""document_status"":""current""}],""expected_status"":""supported""}]",,draft_complete_pending_human_review,pending,,,,false,false
21,typed_generalization_slot_sha256_f691db63f3b751b259b4318944499b50cec53ac9c2ac502e288a327b1f6315a2,dnf_event,table_attribute,typed_generalization_candidate_sha256_ff33ae9e3f8d9c8929930e7a3aea8e436c27575f4763951fe5aee07d3adbad84,파도 X 폭권 패키지의 '운명을 담는 재단사 플래티넘'은 공격력과 버프력을 각각 몇 퍼센트 증폭해?,2026-07-17,current,full_answer,파도 X 폭권 패키지,https://df.nexon.com/pg/newcharacterpkg,"[{""requirement_id"":""attack_amplification"",""subject"":""운명을 담는 재단사 플래티넘"",""relation"":""attack_amplification"",""value_type"":""percentage"",""required_values"":[40],""acceptable_evidence_units"":[{""document_id"":""document_sha256_11a284ad25122986b71b171ec6835c67d08383dbe6f9d6c283c385f28761ee1c"",""chunk_id"":""chunk_sha256_3e856093aac7d3dcec46077118c9abfec39446512ae0f4b2fe66ca2a34edca9c"",""start_char"":91,""end_char"":114,""text"":""공격력 증폭 +40% 버프력 증폭 +10%"",""source_id"":""dnf_event"",""title"":""파도 X 폭권 패키지"",""canonical_url"":""https://df.nexon.com/pg/newcharacterpkg"",""document_status"":""current""}],""expected_status"":""supported""},{""requirement_id"":""buff_amplification"",""subject"":""운명을 담는 재단사 플래티넘"",""relation"":""buff_amplification"",""value_type"":""percentage"",""required_values"":[10],""acceptable_evidence_units"":[{""document_id"":""document_sha256_11a284ad25122986b71b171ec6835c67d08383dbe6f9d6c283c385f28761ee1c"",""chunk_id"":""chunk_sha256_3e856093aac7d3dcec46077118c9abfec39446512ae0f4b2fe66ca2a34edca9c"",""start_char"":91,""end_char"":114,""text"":""공격력 증폭 +40% 버프력 증폭 +10%"",""source_id"":""dnf_event"",""title"":""파도 X 폭권 패키지"",""canonical_url"":""https://df.nexon.com/pg/newcharacterpkg"",""document_status"":""current""}],""expected_status"":""supported""}]",,draft_complete_pending_human_review,pending,,,,false,false
22,typed_generalization_slot_sha256_cc7ef7b211a8ec674805f1c2d0da7ed92be6ae4aa0068ce4ef36a2a25c24fe73,dnf_event,revision_selection,typed_generalization_candidate_sha256_bfee75b28842c9492abea8cc109f0122df60239377191ce633939039ef303a5e,2026 나비 무도회 패키지에 포함되는 직업 아바타는 어느 날짜의 라이브 서버 업데이트를 기준으로 했어?,2026-07-17,historical,full_answer,2026 나비 무도회 아바타 콤보 상자,https://df.nexon.com/pg/butterflycombo,"[{""requirement_id"":""class_cutoff"",""subject"":""2026 나비 무도회 직업 아바타"",""relation"":""revision_cutoff"",""value_type"":""date"",""required_values"":[""2026-05-28""],""acceptable_evidence_units"":[{""document_id"":""document_sha256_cbeaaf6d5b556092fd18380197f10416577450f6b11322159f05d329d2dbb888"",""chunk_id"":""chunk_sha256_e527addc3710ba55549bfff64efbe7f3bcf5c8b5d0b1f04730e5998d11032a04"",""start_char"":124,""end_char"":168,""text"":""2026년 5월 28일 기준 라이브 서버 업데이트가 완료된 직업의 아바타만 포함"",""source_id"":""dnf_event"",""title"":""2026 나비 무도회 아바타 콤보 상자"",""canonical_url"":""https://df.nexon.com/pg/butterflycombo"",""document_status"":""current""}],""expected_status"":""supported""}]",,draft_complete_pending_human_review,pending,,,,false,false
23,typed_generalization_slot_sha256_46827c948ccfe766760e5112008079fe3060271ad23f605fa1110b84d1bc1258,dnf_event,unsupported_or_partial,typed_generalization_candidate_sha256_caef1c1023e3bc45eaeb52552c8babbe641c475589c581a2fe2b020156e29461,"넥플과 함께! 뉴 페이스! 핫 썸머! 이벤트 퀘스트 보상은 계정당 몇 번 받을 수 있고, 남은 보상 재고는 몇 개야?",2026-07-17,current,partial_answer,넥플과 함께! 뉴 페이스! 핫 썸머!,https://df.nexon.com/pr/newfacewithnxp,"[{""requirement_id"":""account_limit"",""subject"":""이벤트 퀘스트 보상"",""relation"":""account_receive_limit"",""value_type"":""number"",""required_values"":[1],""acceptable_evidence_units"":[{""document_id"":""document_sha256_be8b6779be9c6e78e5ea8d77c6b03a6d35b5d6ce2dcf98f44ee21dd969020850"",""chunk_id"":""chunk_sha256_8e081d606fa59adea88d30cdd7f17ed14ca5ba031b674c7d39e459f6b4f0c603"",""start_char"":60,""end_char"":99,""text"":""이벤트 퀘스트 보상은 넥슨플레이에서 각 계정당 1회 받을 수 있습니다."",""source_id"":""dnf_event"",""title"":""넥플과 함께! 뉴 페이스! 핫 썸머!"",""canonical_url"":""https://df.nexon.com/pr/newfacewithnxp"",""document_status"":""current""}],""expected_status"":""supported""},{""requirement_id"":""remaining_stock"",""subject"":""이벤트 퀘스트 보상"",""relation"":""remaining_stock"",""value_type"":""number"",""required_values"":[],""acceptable_evidence_units"":[],""expected_status"":""unsupported""}]",,draft_complete_pending_human_review,pending,,,,false,false
24,typed_generalization_slot_sha256_c7be6d3848723081cd5a790effb47cdda62345637d466895ad40a22ad9be09fc,dnf_event,direct_fact,typed_generalization_candidate_sha256_48b2eeba4b626a2611fde12ee0fcd1aea78122292bdfce0a3368ee676560735f,제국기사 X 인파이터(여) 특별 선물 쿠폰은 계정당 몇 번 입력할 수 있어?,2026-07-17,current,full_answer,제국기사 X 인파이터(여) 특별 선물,https://df.nexon.com/pr/2026newchargift,"[{""requirement_id"":""coupon_limit"",""subject"":""제국기사 X 인파이터(여) 특별 선물 쿠폰"",""relation"":""account_input_limit"",""value_type"":""number"",""required_values"":[1],""acceptable_evidence_units"":[{""document_id"":""document_sha256_6c614e368d890558c7107d6c26d82ef08958bea78fbc3766b565a78e0b2bc048"",""chunk_id"":""chunk_sha256_9c22ce283a3b486e969e909ef7686caad4c3f10a8febcb568b81feb6e2d996c8"",""start_char"":6,""end_char"":26,""text"":""쿠폰은 계정당 1회 입력 가능합니다."",""source_id"":""dnf_event"",""title"":""제국기사 X 인파이터(여) 특별 선물"",""canonical_url"":""https://df.nexon.com/pr/2026newchargift"",""document_status"":""current""}],""expected_status"":""supported""}]",,draft_complete_pending_human_review,pending,,,,false,false
25,typed_generalization_slot_sha256_705399c0161eeaa1b6155895af0d18b3148cd349947acfe5b1256165f6ddb774,dnf_game_guide,temporal_role,typed_generalization_candidate_sha256_8dd2da1c56027b34b1da8523cabc4dd458f1aa3aa5d16acf1d049b9ada118b9f,트레이드 가이드는 언제 업데이트됐어?,2026-07-17,current,full_answer,트레이드,https://df.nexon.com/guide?no=1286,"[{""requirement_id"":""guide_updated_at"",""subject"":""트레이드 가이드"",""relation"":""updated_at"",""value_type"":""date"",""required_values"":[""2026-01-05""],""acceptable_evidence_units"":[{""document_id"":""document_sha256_15bd7d49ee6067b02b600bb64ea81bf9e9272b5c70820eb819bcf224cde1942a"",""chunk_id"":""chunk_sha256_10bd08402e9be2679be178b8422de4d86ae8856ff317923762d10e29112a661b"",""start_char"":584,""end_char"":613,""text"":""이 문서는 2026-01-05에 업데이트 되었습니다."",""source_id"":""dnf_game_guide"",""title"":""트레이드"",""canonical_url"":""https://df.nexon.com/guide?no=1286"",""document_status"":""current""}],""expected_status"":""supported""}]",,draft_complete_pending_human_review,pending,,,,false,false
26,typed_generalization_slot_sha256_cf2ff0a544c36ad4251a0741b4188ccd83a0c50770053e3260b6e858f0e5dee8,dnf_game_guide,boolean_direction,typed_generalization_candidate_sha256_66e2a969047c8f0abf5689abf00e31cad890b98895c14e40d2cff6ac8290e2a1,다른 채널에 접속한 캐릭터에게 트레이드를 신청할 수 있어?,2026-07-17,current,full_answer,트레이드,https://df.nexon.com/guide?no=1286,"[{""requirement_id"":""cross_channel_trade"",""subject"":""트레이드"",""relation"":""can_request_cross_channel"",""value_type"":""boolean"",""required_values"":[false],""acceptable_evidence_units"":[{""document_id"":""document_sha256_15bd7d49ee6067b02b600bb64ea81bf9e9272b5c70820eb819bcf224cde1942a"",""chunk_id"":""chunk_sha256_10bd08402e9be2679be178b8422de4d86ae8856ff317923762d10e29112a661b"",""start_char"":47,""end_char"":82,""text"":""다른 채널에 접속한 캐릭터에게는 트레이드를 신청할 수 없습니다."",""source_id"":""dnf_game_guide"",""title"":""트레이드"",""canonical_url"":""https://df.nexon.com/guide?no=1286"",""document_status"":""current""}],""expected_status"":""supported""}]",,draft_complete_pending_human_review,pending,,,,false,false
27,typed_generalization_slot_sha256_ab89c1b62c075cfbc48b8e19f7df36c5d2030ec78f9657a5d49025a5b9c7311b,dnf_game_guide,sibling_relation,typed_generalization_candidate_sha256_5e58057b2ebe83f3a2fb3ae654e173cce98d167b82e1acedede901809e85f21e,트레이드 기본 수수료와 장비류 아이템의 추가 수수료는 각각 몇 퍼센트야?,2026-07-17,current,full_answer,트레이드,https://df.nexon.com/guide?no=1286,"[{""requirement_id"":""base_fee"",""subject"":""트레이드"",""relation"":""base_fee"",""value_type"":""percentage"",""required_values"":[3],""acceptable_evidence_units"":[{""document_id"":""document_sha256_15bd7d49ee6067b02b600bb64ea81bf9e9272b5c70820eb819bcf224cde1942a"",""chunk_id"":""chunk_sha256_062cf0c88225fa6fb860cd0cb4a38b2adce8b4a8560d1cf70f01eb0298742463"",""start_char"":48,""end_char"":72,""text"":""트레이드 시에는 3%의 수수료가 부과됩니다."",""source_id"":""dnf_game_guide"",""title"":""트레이드"",""canonical_url"":""https://df.nexon.com/guide?no=1286"",""document_status"":""current""}],""expected_status"":""supported""},{""requirement_id"":""equipment_extra_fee"",""subject"":""장비류 아이템 트레이드"",""relation"":""additional_fee"",""value_type"":""percentage"",""required_values"":[2],""acceptable_evidence_units"":[{""document_id"":""document_sha256_15bd7d49ee6067b02b600bb64ea81bf9e9272b5c70820eb819bcf224cde1942a"",""chunk_id"":""chunk_sha256_062cf0c88225fa6fb860cd0cb4a38b2adce8b4a8560d1cf70f01eb0298742463"",""start_char"":83,""end_char"":122,""text"":""장비류 아이템인 경우에는 2%의 수수료가 추가로 부과됩니다.(총 5%)"",""source_id"":""dnf_game_guide"",""title"":""트레이드"",""canonical_url"":""https://df.nexon.com/guide?no=1286"",""document_status"":""current""}],""expected_status"":""supported""}]",,draft_complete_pending_human_review,pending,,,,false,false
28,typed_generalization_slot_sha256_8631adad84c93b7958c74eea62dfaa141e7c6c4fde6f36f66e05221e94cfca0e,dnf_game_guide,multi_requirement,typed_generalization_candidate_sha256_8f1981fead391ebbc2d5a8205ee03782c9b4a937de331184528e34e8a1e483a3,인형사 전문직업을 선택하려면 캐릭터 레벨과 무색 큐브 조각이 각각 얼마나 필요해?,2026-07-17,current,full_answer,인형사,https://df.nexon.com/guide?no=1270,"[{""requirement_id"":""required_level"",""subject"":""인형사 전문직업"",""relation"":""required_character_level"",""value_type"":""number"",""required_values"":[20],""acceptable_evidence_units"":[{""document_id"":""document_sha256_053ed5d126b92b3f43c8da673929c088b52ba852356ce0bd2291e606cd642fae"",""chunk_id"":""chunk_sha256_24eca6ca4822155ef952fa759e98dcd41c7cc44dc9132c90d0775665315eed40"",""start_char"":76,""end_char"":90,""text"":""캐릭터 20레벨을 달성하면"",""source_id"":""dnf_game_guide"",""title"":""인형사"",""canonical_url"":""https://df.nexon.com/guide?no=1270"",""document_status"":""current""}],""expected_status"":""supported""},{""requirement_id"":""cube_quantity"",""subject"":""인형사 전문직업"",""relation"":""required_colorless_cube_fragments"",""value_type"":""number"",""required_values"":[100],""acceptable_evidence_units"":[{""document_id"":""document_sha256_053ed5d126b92b3f43c8da673929c088b52ba852356ce0bd2291e606cd642fae"",""chunk_id"":""chunk_sha256_24eca6ca4822155ef952fa759e98dcd41c7cc44dc9132c90d0775665315eed40"",""start_char"":145,""end_char"":164,""text"":""무색 큐브 조각 100개를 가져가면"",""source_id"":""dnf_game_guide"",""title"":""인형사"",""canonical_url"":""https://df.nexon.com/guide?no=1270"",""document_status"":""current""}],""expected_status"":""supported""}]",,draft_complete_pending_human_review,pending,,,,false,false
29,typed_generalization_slot_sha256_c56242a46762970bfc3a70817aae9978ff65dbfc76ef4e06820045d18593675d,dnf_game_guide,table_attribute,typed_generalization_candidate_sha256_23ed0ddf4a502ea327fa9048848e57d17da209e3ea70245c60b26dfd65736151,화면 설명의 ② 항목은 무엇을 보여주고 어떤 키로 조작해?,2026-07-17,current,full_answer,화면 설명,https://df.nexon.com/guide?no=1292,"[{""requirement_id"":""displayed_information"",""subject"":""화면 설명 ②"",""relation"":""displayed_information"",""value_type"":""text"",""required_values"":[""캐릭터에게 적용 중인 효과""],""acceptable_evidence_units"":[{""document_id"":""document_sha256_12f470e556d6b7e792cdf7233eb51200f3b2259b1972c81e6cca66fb22fb75c0"",""chunk_id"":""chunk_sha256_d866e83b7ea12adc742c6909bb466eb0871dcad6a75d7fb31e919aeaa4392d36"",""start_char"":102,""end_char"":124,""text"":""| ② | 캐릭터에게 적용되고 있는 효과"",""source_id"":""dnf_game_guide"",""title"":""화면 설명"",""canonical_url"":""https://df.nexon.com/guide?no=1292"",""document_status"":""current""}],""expected_status"":""supported""},{""requirement_id"":""control_keys"",""subject"":""화면 설명 ②"",""relation"":""control_keys"",""value_type"":""text"",""required_values"":[""키보드 1~6""],""acceptable_evidence_units"":[{""document_id"":""document_sha256_12f470e556d6b7e792cdf7233eb51200f3b2259b1972c81e6cca66fb22fb75c0"",""chunk_id"":""chunk_sha256_d866e83b7ea12adc742c6909bb466eb0871dcad6a75d7fb31e919aeaa4392d36"",""start_char"":159,""end_char"":166,""text"":""키보드 1~6"",""source_id"":""dnf_game_guide"",""title"":""화면 설명"",""canonical_url"":""https://df.nexon.com/guide?no=1292"",""document_status"":""current""}],""expected_status"":""supported""}]",,draft_complete_pending_human_review,pending,,,,false,false
30,typed_generalization_slot_sha256_9354cfb40faa1bcdcde177252326c9c9d84f803e2725af2623cabdf879b0ed72,dnf_game_guide,revision_selection,typed_generalization_candidate_sha256_b76da873e842c7fe4f601ab8f6cc2d72b4665b1bda12a1590b5aef5f0f5c98e2,현재 장비 시뮬레이터 가이드에서 지원하는 장비 레벨은 무엇이야?,2026-07-17,current,full_answer,[시스템] 장비 시뮬레이터,https://df.nexon.com/guide?no=1494,"[{""requirement_id"":""supported_levels"",""subject"":""장비 시뮬레이터"",""relation"":""supported_equipment_levels"",""value_type"":""entity_list"",""required_values"":[110,115],""acceptable_evidence_units"":[{""document_id"":""document_sha256_13859d266b067df0fd3bd0d1306d3f05eb676603aea78af25add514935864db0"",""chunk_id"":""chunk_sha256_13df4db71148e20bbb4b7e34ae563a8c06841d4063dcbf175dc4a81bf6d2472c"",""start_char"":12,""end_char"":32,""text"":""110레벨 장비 또는 115레벨 장비"",""source_id"":""dnf_game_guide"",""title"":""[시스템] 장비 시뮬레이터"",""canonical_url"":""https://df.nexon.com/guide?no=1494"",""document_status"":""current""}],""expected_status"":""supported""}]",,draft_complete_pending_human_review,pending,,,,false,false
31,typed_generalization_slot_sha256_f0607b1dec2a166caf722f2ceca146a40555e41d8db4b238b289ba64dadff63c,dnf_game_guide,unsupported_or_partial,typed_generalization_candidate_sha256_871aba6cdc27989038076e738e43bf0992b8c62339b8d271a3b2fbd37f340944,"아바타는 총 몇 부위로 구성되고, 아바타 프리셋은 최대 몇 개까지 저장할 수 있어?",2026-07-17,current,partial_answer,아바타,https://df.nexon.com/guide?no=1280,"[{""requirement_id"":""part_count"",""subject"":""아바타"",""relation"":""part_count"",""value_type"":""number"",""required_values"":[11],""acceptable_evidence_units"":[{""document_id"":""document_sha256_1625601cede341b4c5ef6235709498e386314876a9722893b369a703c3d73afc"",""chunk_id"":""chunk_sha256_bcf28abc5dd98b5cf51d320250feced852e990d1eacf3cfaeb5e59e32eca5780"",""start_char"":157,""end_char"":167,""text"":""오라, 총 11부위"",""source_id"":""dnf_game_guide"",""title"":""아바타"",""canonical_url"":""https://df.nexon.com/guide?no=1280"",""document_status"":""current""}],""expected_status"":""supported""},{""requirement_id"":""preset_limit"",""subject"":""아바타 프리셋"",""relation"":""maximum_saved_presets"",""value_type"":""number"",""required_values"":[],""acceptable_evidence_units"":[],""expected_status"":""unsupported""}]",,draft_complete_pending_human_review,pending,,,,false,false
32,typed_generalization_slot_sha256_289f412c7fb6fd016fbd87593ad7cda69988b0ede95c8ad878b810686383a804,dnf_game_guide,direct_fact,typed_generalization_candidate_sha256_15da23806395bee979d0638fb70b80d30447c35e255fb3ab465fc7693d325a0a,스킬별 제압력 수치는 어디에서 확인할 수 있어?,2026-07-17,current,full_answer,[전투] 제압,https://df.nexon.com/guide?no=1526,"[{""requirement_id"":""location"",""subject"":""스킬별 제압력 수치"",""relation"":""lookup_location"",""value_type"":""text"",""required_values"":[""스킬 정보(툴팁)""],""acceptable_evidence_units"":[{""document_id"":""document_sha256_01e9021ffc3f1842e206c3502c2da70306d8264a3a4ce4cf04edec6044d248bd"",""chunk_id"":""chunk_sha256_f420c121878a83f26ba93fd24eef208b908493a3cfc206d4e4c80622610b615f"",""start_char"":171,""end_char"":206,""text"":""각 스킬의 제압력 수치는 스킬 정보(툴팁)에서 확인 가능합니다."",""source_id"":""dnf_game_guide"",""title"":""[전투] 제압"",""canonical_url"":""https://df.nexon.com/guide?no=1526"",""document_status"":""current""}],""expected_status"":""supported""}]",,draft_complete_pending_human_review,pending,,,,false,false
33,typed_generalization_slot_sha256_261dae7cbe21c5868e1529f5309f327ffda80f9bdbb7a8ac3084936707d1b9c8,dnf_faq,temporal_role,typed_generalization_candidate_sha256_5b3301075a36f3e7c5489fae81e66864a6b0f19f6221e6bf9236076f743f53e1,세라 아이템은 구매 후 며칠 이내에 청약철회할 수 있어?,2026-07-17,current,full_answer,[세라 아이템 청약철회] 청약철회란 무엇인가요.,https://df.nexon.com/customer/faq?faq_no=4950,"[{""requirement_id"":""withdrawal_period"",""subject"":""세라 아이템 청약철회"",""relation"":""withdrawal_period_days"",""value_type"":""number"",""required_values"":[7],""acceptable_evidence_units"":[{""document_id"":""document_sha256_149d2ff711617b2d1b21a466c228cd8da7080fe6621fb0e3c216bd1141084058"",""chunk_id"":""chunk_sha256_74e2e422c2d97239b3a7d5216097c6ff779f6590481ec7f0fba1607907781bbb"",""start_char"":27,""end_char"":64,""text"":""세라로 아이템을 구매 후 7일 이내에 구매를 취소할 수 있는 시스템"",""source_id"":""dnf_faq"",""title"":""[세라 아이템 청약철회] 청약철회란 무엇인가요."",""canonical_url"":""https://df.nexon.com/customer/faq?faq_no=4950"",""document_status"":""current""}],""expected_status"":""supported""}]",,draft_complete_pending_human_review,pending,,,,false,false
34,typed_generalization_slot_sha256_f86fb4f92e5ce93903f88e9190759c9891395304fe02d861e44c747df7e3f208,dnf_faq,boolean_direction,typed_generalization_candidate_sha256_704d9bc58bb3c551e037d6c0211ac28d2b78dfe935a3dcb714a8502175b26ade,휴대폰이 정지되기 전에 모바일 OTP를 설치해 사용 중이었다면 정지 후에도 OTP를 쓸 수 있어?,2026-07-17,current,full_answer,[네오플OTP] 휴대폰이 정지되면 OTP를 사용할 수 없나요?,https://df.nexon.com/customer/faq?faq_no=4901,"[{""requirement_id"":""otp_after_suspension"",""subject"":""모바일 OTP"",""relation"":""usable_after_phone_suspension"",""value_type"":""boolean"",""required_values"":[true],""acceptable_evidence_units"":[{""document_id"":""document_sha256_14abfdb2580523ff2427fb38999c83b926eb2c0dd50e37367962fe2f76903847"",""chunk_id"":""chunk_sha256_f8419aed79598bff89d650d9f79c25c594ea665e54bf611e33addd1026946280"",""start_char"":71,""end_char"":94,""text"":""정지된 이후에도 OTP 이용이 가능합니다."",""source_id"":""dnf_faq"",""title"":""[네오플OTP] 휴대폰이 정지되면 OTP를 사용할 수 없나요?"",""canonical_url"":""https://df.nexon.com/customer/faq?faq_no=4901"",""document_status"":""current""}],""expected_status"":""supported""}]",,draft_complete_pending_human_review,pending,,,,false,false
35,typed_generalization_slot_sha256_3b8bba6a02a748525ba6a4f578b16bdded8a5491f839bed58cf625c82bbf853d,dnf_faq,sibling_relation,typed_generalization_candidate_sha256_bffc772a35ccf8405761890e10b897d3c2ffa020b350a4df5ed60354123c0889,히든 레어 아바타를 같은 계정 캐릭터와 다른 계정 캐릭터에게 넘길 때 교환불가 타입으로 바뀌는지 각각 알려줘.,2026-07-17,current,full_answer,[게임 이용] 히든 레어 아바타를 이동시킬 경우 교환이 불가능한가요?,https://df.nexon.com/customer/faq?faq_no=5001,"[{""requirement_id"":""same_account_trade_type"",""subject"":""히든 레어 아바타 동일 계정 이동"",""relation"":""changes_to_untradeable"",""value_type"":""boolean"",""required_values"":[false],""acceptable_evidence_units"":[{""document_id"":""document_sha256_0f18c2d9347d988bec5f4392da02cdd14585f9a53085b978884e22839220188d"",""chunk_id"":""chunk_sha256_2073dab6b05ec247292284a0a0a5455a63b1faada4b6ab78a1c64f8dc71b8a22"",""start_char"":114,""end_char"":165,""text"":""동일 계정 내 다른 캐릭터로 우편 이동 시에는\n거래타입이 교환불가 상태로 변경되지 않습니다."",""source_id"":""dnf_faq"",""title"":""[게임 이용] 히든 레어 아바타를 이동시킬 경우 교환이 불가능한가요?"",""canonical_url"":""https://df.nexon.com/customer/faq?faq_no=5001"",""document_status"":""current""}],""expected_status"":""supported""},{""requirement_id"":""other_account_trade_type"",""subject"":""히든 레어 아바타 다른 계정 이동"",""relation"":""changes_to_untradeable"",""value_type"":""boolean"",""required_values"":[true],""acceptable_evidence_units"":[{""document_id"":""document_sha256_0f18c2d9347d988bec5f4392da02cdd14585f9a53085b978884e22839220188d"",""chunk_id"":""chunk_sha256_2073dab6b05ec247292284a0a0a5455a63b1faada4b6ab78a1c64f8dc71b8a22"",""start_char"":170,""end_char"":220,""text"":""다른 계정으로의 이동(트레이드, 경매장, 아바타마켓 등)이 발생하면\n교환불가 타입으로 변경"",""source_id"":""dnf_faq"",""title"":""[게임 이용] 히든 레어 아바타를 이동시킬 경우 교환이 불가능한가요?"",""canonical_url"":""https://df.nexon.com/customer/faq?faq_no=5001"",""document_status"":""current""}],""expected_status"":""supported""}]",,draft_complete_pending_human_review,pending,,,,false,false
36,typed_generalization_slot_sha256_ec37f487627da16282b51ff97dd2b7df563932ad82bb0fbb67f1c96fcfd2ff64,dnf_faq,multi_requirement,typed_generalization_candidate_sha256_d92381e4b1e2526ef9a4ecfff8ef88377ebf7e1f471db40dd0ac7225335f1972,지정PC 등록과 삭제는 각각 어디에서 할 수 있어?,2026-07-17,current,full_answer,[지정PC] 지정PC에 대해 궁금한 점이 있어요.,https://df.nexon.com/customer/faq?faq_no=5630,"[{""requirement_id"":""registration_location"",""subject"":""지정PC"",""relation"":""registration_location"",""value_type"":""enum"",""required_values"":[""게임 내""],""acceptable_evidence_units"":[{""document_id"":""document_sha256_12bc25ffe3590dcdc5dfcb079470bfd4c702a0655334483e21a7906c2b6ce340"",""chunk_id"":""chunk_sha256_839fa5bc59d9c6ee8d2797c781b6c9e75ba9d204c61d4d3c3a17084a950450af"",""start_char"":207,""end_char"":227,""text"":""지정PC는 게임 내에서만 등록이 가능"",""source_id"":""dnf_faq"",""title"":""[지정PC] 지정PC에 대해 궁금한 점이 있어요."",""canonical_url"":""https://df.nexon.com/customer/faq?faq_no=5630"",""document_status"":""current""}],""expected_status"":""supported""},{""requirement_id"":""deletion_location"",""subject"":""지정PC"",""relation"":""deletion_location"",""value_type"":""entity_list"",""required_values"":[""게임"",""웹""],""acceptable_evidence_units"":[{""document_id"":""document_sha256_12bc25ffe3590dcdc5dfcb079470bfd4c702a0655334483e21a7906c2b6ce340"",""chunk_id"":""chunk_sha256_839fa5bc59d9c6ee8d2797c781b6c9e75ba9d204c61d4d3c3a17084a950450af"",""start_char"":231,""end_char"":256,""text"":""삭제는 게임 혹은 웹에서 진행할 수 있습니다."",""source_id"":""dnf_faq"",""title"":""[지정PC] 지정PC에 대해 궁금한 점이 있어요."",""canonical_url"":""https://df.nexon.com/customer/faq?faq_no=5630"",""document_status"":""current""}],""expected_status"":""supported""}]",,draft_complete_pending_human_review,pending,,,,false,false
37,typed_generalization_slot_sha256_2d123e73b475b4e0b9dcdfa69ba7ff586c7fbea541972526b9fa5cc5c318ffb3,dnf_faq,table_attribute,typed_generalization_candidate_sha256_e2b186b7b6e65da762cc4179d957a259866307d7a7aeff604362e1141bc06bff,은 금고의 저장 칸 수와 가격은 얼마야?,2026-07-17,current,full_answer,[게임 이용] 금고 업그레이드 비용 및 단계별 슬롯 수가 궁금해요!,https://df.nexon.com/customer/faq?faq_no=4994,"[{""requirement_id"":""slot_count"",""subject"":""은 금고"",""relation"":""slot_count"",""value_type"":""number"",""required_values"":[40],""acceptable_evidence_units"":[{""document_id"":""document_sha256_1134672fc4c263d602529ff36b2f21c8b3231d1c19f104f398f4c48ea6e92b0b"",""chunk_id"":""chunk_sha256_b2f6e4b7973ed004d667c9b752147a6c03726109657d8f309c157cc9312226db"",""start_char"":130,""end_char"":154,""text"":""| 은 금고 | 40 칸 | 400 세라 |"",""source_id"":""dnf_faq"",""title"":""[게임 이용] 금고 업그레이드 비용 및 단계별 슬롯 수가 궁금해요!"",""canonical_url"":""https://df.nexon.com/customer/faq?faq_no=4994"",""document_status"":""current""}],""expected_status"":""supported""},{""requirement_id"":""price"",""subject"":""은 금고"",""relation"":""price"",""value_type"":""currency"",""required_values"":[{""amount"":400,""unit"":""세라""}],""acceptable_evidence_units"":[{""document_id"":""document_sha256_1134672fc4c263d602529ff36b2f21c8b3231d1c19f104f398f4c48ea6e92b0b"",""chunk_id"":""chunk_sha256_b2f6e4b7973ed004d667c9b752147a6c03726109657d8f309c157cc9312226db"",""start_char"":130,""end_char"":154,""text"":""| 은 금고 | 40 칸 | 400 세라 |"",""source_id"":""dnf_faq"",""title"":""[게임 이용] 금고 업그레이드 비용 및 단계별 슬롯 수가 궁금해요!"",""canonical_url"":""https://df.nexon.com/customer/faq?faq_no=4994"",""document_status"":""current""}],""expected_status"":""supported""}]",,draft_complete_pending_human_review,pending,,,,false,false
38,typed_generalization_slot_sha256_81ab3a8e310c6935d9a5943c942365930f3597aa7dcfbbe393d0e5b2d8bf31e2,dnf_faq,revision_selection,typed_generalization_candidate_sha256_f3e657348ae9abd76b92a546f393fb046b3375c3bfde134a1b97f9c854bdd6a1,"고블린패드 신규 발급은 언제 중단됐고, 기존 이용자는 재발급할 수 있어?",2026-07-17,historical,full_answer,[고블린패드] 고블린패드 신규 가입이 불가능한가요?,https://df.nexon.com/customer/faq?faq_no=4923,"[{""requirement_id"":""new_issue_stopped_at"",""subject"":""고블린패드 신규 발급"",""relation"":""stopped_at"",""value_type"":""date"",""required_values"":[""2020-06-25""],""acceptable_evidence_units"":[{""document_id"":""document_sha256_0e2e3708a583908218fceddd24deac9ec99ed336ffe2f48ffd34b5b0203b50ef"",""chunk_id"":""chunk_sha256_611d6ec7b679543c445c77c70c5ed92310845f2e236c60044afc3180d47601ce"",""start_char"":43,""end_char"":67,""text"":""2020년 6월 25일 부로 중단되었습니다."",""source_id"":""dnf_faq"",""title"":""[고블린패드] 고블린패드 신규 가입이 불가능한가요?"",""canonical_url"":""https://df.nexon.com/customer/faq?faq_no=4923"",""document_status"":""current""}],""expected_status"":""supported""},{""requirement_id"":""reissue_existing_user"",""subject"":""고블린패드 기존 이용자"",""relation"":""can_reissue"",""value_type"":""boolean"",""required_values"":[true],""acceptable_evidence_units"":[{""document_id"":""document_sha256_0e2e3708a583908218fceddd24deac9ec99ed336ffe2f48ffd34b5b0203b50ef"",""chunk_id"":""chunk_sha256_611d6ec7b679543c445c77c70c5ed92310845f2e236c60044afc3180d47601ce"",""start_char"":172,""end_char"":205,""text"":""기존 이용 중이신 경우 비밀번호 변경, 재발급이 가능합니다."",""source_id"":""dnf_faq"",""title"":""[고블린패드] 고블린패드 신규 가입이 불가능한가요?"",""canonical_url"":""https://df.nexon.com/customer/faq?faq_no=4923"",""document_status"":""current""}],""expected_status"":""supported""}]",,draft_complete_pending_human_review,pending,,,,false,false
39,typed_generalization_slot_sha256_ac49c997092716cc6acdadf1322e2eeec1f98db8954f65e7f03ce4a81e1082bf,dnf_faq,unsupported_or_partial,typed_generalization_candidate_sha256_6cf9104dc62d2f988ac1ba8ac610210ff3ccf2f182e2eaacb1ac5bb6951651c6,"네이버 로그인 계정 이벤트 혜택 1·2의 Npay 포인트는 언제 적립되고, 정확히 몇 포인트가 적립돼?",2026-07-17,current,partial_answer,"[네이버 로그인 계정 이벤트] [혜택 1,2] 계정 변경 후 Npay 결제를 진행했는데 포인트가 들어오지 않아요.",https://df.nexon.com/customer/faq?faq_no=5951,"[{""requirement_id"":""credit_timing"",""subject"":""네이버 로그인 계정 이벤트 혜택 1·2 Npay 포인트"",""relation"":""credited_after"",""value_type"":""number"",""required_values"":[7],""acceptable_evidence_units"":[{""document_id"":""document_sha256_15028f170fd1a2268ffc0de2c75cb3c3e821911a1dd2ee1a9cb614e39b4d2172"",""chunk_id"":""chunk_sha256_0fe0865cd60c5a50b0e7df7c2fe7158b671b07cea7e5bd0971748a41e20c7bdc"",""start_char"":92,""end_char"":113,""text"":""결제완료 시점으로부터 7일 이후에 적립"",""source_id"":""dnf_faq"",""title"":""[네이버 로그인 계정 이벤트] [혜택 1,2] 계정 변경 후 Npay 결제를 진행했는데 포인트가 들어오지 않아요."",""canonical_url"":""https://df.nexon.com/customer/faq?faq_no=5951"",""document_status"":""current""}],""expected_status"":""supported""},{""requirement_id"":""credit_amount"",""subject"":""네이버 로그인 계정 이벤트 혜택 1·2 Npay 포인트"",""relation"":""credit_amount"",""value_type"":""number"",""required_values"":[],""acceptable_evidence_units"":[],""expected_status"":""unsupported""}]",,draft_complete_pending_human_review,pending,,,,false,false
40,typed_generalization_slot_sha256_1969184a788ea1ee1b78d44b27fcbeb6a0ed49ba7bef4d8beeaac1f0d938e2e6,dnf_faq,direct_fact,typed_generalization_candidate_sha256_a6b277170c2937bf18ef3b060584d21024624d8c738d18a91a19df0b7fb7acd0,이벤트로 받은 세라 또는 넥슨 쿠폰은 어디에서 사용할 수 있어?,2026-07-17,current,full_answer,[이용 문의] 이벤트로 받은 세라 쿠폰이 입력되지 않아요.,https://df.nexon.com/customer/faq?faq_no=2785,"[{""requirement_id"":""redeem_location"",""subject"":""세라/넥슨 쿠폰"",""relation"":""redeem_location"",""value_type"":""text"",""required_values"":[""던전앤파이터 홈페이지""],""acceptable_evidence_units"":[{""document_id"":""document_sha256_0c6454727eb4b218ba26bc6586e062f13d0c5be75e8c062c190f149f22357028"",""chunk_id"":""chunk_sha256_5927e937cb18a4ac2b79b1cbe8a9b5dc05eadf7efc18d9d0efab501cb37832dd"",""start_char"":72,""end_char"":124,""text"":""세라/넥슨 쿠폰을 이용하시길 원하신다면\n던파ON이 아닌, 던전앤파이터 홈페이지를 이용해주세요."",""source_id"":""dnf_faq"",""title"":""[이용 문의] 이벤트로 받은 세라 쿠폰이 입력되지 않아요."",""canonical_url"":""https://df.nexon.com/customer/faq?faq_no=2785"",""document_status"":""current""}],""expected_status"":""supported""}]",,draft_complete_pending_human_review,pending,,,,false,false
41,typed_generalization_slot_sha256_fed27b81dacaa124dddcc635decae2d44e90b3e8d5482c6134116804c67e485f,dnf_account_policy,temporal_role,typed_generalization_candidate_sha256_3e6481f87d563bb41213e3818a1934445228daf73de1fa04b9451f1431d8194e,현재 던전앤파이터 운영정책은 언제부터 시행됐어?,2026-07-17,current,full_answer,던전앤파이터 운영정책 (2026-03-15 시행),https://df.nexon.com/customer/policy/home?revision=2026-03-15&type=1,"[{""requirement_id"":""effective_date"",""subject"":""던전앤파이터 운영정책"",""relation"":""effective_at"",""value_type"":""date"",""required_values"":[""2026-03-15""],""acceptable_evidence_units"":[{""document_id"":""document_sha256_c7b4d4825f1bd82bfbad1db55d678070653c9c3b81e7c68c534eb4e698c32ded"",""chunk_id"":""chunk_sha256_57964a47e57ded37dd4b774a35a3cba0bf1819b1002df7a2741c2867477a4110"",""start_char"":1365,""end_char"":1394,""text"":""본 운영정책은 2026년 3월 15일부터 시행합니다."",""source_id"":""dnf_account_policy"",""title"":""던전앤파이터 운영정책 (2026-03-15 시행)"",""canonical_url"":""https://df.nexon.com/customer/policy/home?revision=2026-03-15&type=1"",""document_status"":""current""}],""expected_status"":""supported""}]",운영정책은 현재 공식 revision이 한 개뿐이므로 parent 재사용을 허용하되 신규 관계와 질문만 사용합니다.,draft_complete_pending_human_review,pending,,,,false,false
42,typed_generalization_slot_sha256_4832332cd2cd6104f8d16df2ba616194d8d9abba9b7157ad34d9d5e89b0e7bdc,dnf_account_policy,boolean_direction,typed_generalization_candidate_sha256_936392b29650a3468a27415b4f3ddff0868193a208cc17cbcef00b28067e4176,버그를 발견한 고객이 제보하지 않고 다른 사람에게 퍼뜨려도 운영정책상 괜찮아?,2026-07-17,current,full_answer,던전앤파이터 운영정책 (2026-03-15 시행),https://df.nexon.com/customer/policy/home?revision=2026-03-15&type=1,"[{""requirement_id"":""bug_spread_allowed"",""subject"":""버그 발견 고객"",""relation"":""may_spread_without_reporting"",""value_type"":""boolean"",""required_values"":[false],""acceptable_evidence_units"":[{""document_id"":""document_sha256_c7b4d4825f1bd82bfbad1db55d678070653c9c3b81e7c68c534eb4e698c32ded"",""chunk_id"":""chunk_sha256_89cd3ff19da0087bafabc531b84e42e0f9792150cc38c3797cafc3c67317f787"",""start_char"":1220,""end_char"":1276,""text"":""이 의무를 다하지 않고 버그를 악용하거나 타인에게 전파하는 경우 게임이용에 제한을 받을 수 있습니다."",""source_id"":""dnf_account_policy"",""title"":""던전앤파이터 운영정책 (2026-03-15 시행)"",""canonical_url"":""https://df.nexon.com/customer/policy/home?revision=2026-03-15&type=1"",""document_status"":""current""}],""expected_status"":""supported""}]",운영정책은 현재 공식 revision이 한 개뿐이므로 parent 재사용을 허용하되 신규 관계와 질문만 사용합니다.,draft_complete_pending_human_review,pending,,,,false,false
43,typed_generalization_slot_sha256_17b178f52576a3585cddebbfcb6f649e0510b76724afc6bb74454b472605b421,dnf_account_policy,sibling_relation,typed_generalization_candidate_sha256_cc83a3279905a0b337869272d8a0cb770af0481812c2c4364e2be172d90b5ecb,고객 간 사적 분쟁에 회사가 개입하는 원칙과 예외는 무엇이야?,2026-07-17,current,full_answer,던전앤파이터 운영정책 (2026-03-15 시행),https://df.nexon.com/customer/policy/home?revision=2026-03-15&type=1,"[{""requirement_id"":""general_rule"",""subject"":""고객 간 사적 분쟁"",""relation"":""company_intervention_rule"",""value_type"":""text"",""required_values"":[""개입하지 않는 것을 원칙""],""acceptable_evidence_units"":[{""document_id"":""document_sha256_c7b4d4825f1bd82bfbad1db55d678070653c9c3b81e7c68c534eb4e698c32ded"",""chunk_id"":""chunk_sha256_89cd3ff19da0087bafabc531b84e42e0f9792150cc38c3797cafc3c67317f787"",""start_char"":1480,""end_char"":1501,""text"":""사적인 분쟁에 개입하지 않는 것을 원칙"",""source_id"":""dnf_account_policy"",""title"":""던전앤파이터 운영정책 (2026-03-15 시행)"",""canonical_url"":""https://df.nexon.com/customer/policy/home?revision=2026-03-15&type=1"",""document_status"":""current""}],""expected_status"":""supported""},{""requirement_id"":""exception"",""subject"":""고객 간 사적 분쟁"",""relation"":""intervention_exception"",""value_type"":""text"",""required_values"":[""불특정 다수의 고객에게 피해를 주는 경우""],""acceptable_evidence_units"":[{""document_id"":""document_sha256_c7b4d4825f1bd82bfbad1db55d678070653c9c3b81e7c68c534eb4e698c32ded"",""chunk_id"":""chunk_sha256_89cd3ff19da0087bafabc531b84e42e0f9792150cc38c3797cafc3c67317f787"",""start_char"":1630,""end_char"":1645,""text"":""불특정 다수의 고객에게 피해"",""source_id"":""dnf_account_policy"",""title"":""던전앤파이터 운영정책 (2026-03-15 시행)"",""canonical_url"":""https://df.nexon.com/customer/policy/home?revision=2026-03-15&type=1"",""document_status"":""current""}],""expected_status"":""supported""}]",운영정책은 현재 공식 revision이 한 개뿐이므로 parent 재사용을 허용하되 신규 관계와 질문만 사용합니다.,draft_complete_pending_human_review,pending,,,,false,false
44,typed_generalization_slot_sha256_8f603f8dfd01550ed229a812ee298d96544befdda74a1b300e009e709aa046cf,dnf_account_policy,multi_requirement,typed_generalization_candidate_sha256_13885dff8f194aebf922102c84371da8a9b0b302ed400ce38d33ea433a775855,운영정책에서 고객이 ID를 보호하기 위해 해야 하는 두 가지 의무는 뭐야?,2026-07-17,current,full_answer,던전앤파이터 운영정책 (2026-03-15 시행),https://df.nexon.com/customer/policy/home?revision=2026-03-15&type=1,"[{""requirement_id"":""security_service"",""subject"":""고객 ID 보호"",""relation"":""security_service_obligation"",""value_type"":""text"",""required_values"":[""회사가 제공하는 보안서비스 이용""],""acceptable_evidence_units"":[{""document_id"":""document_sha256_c7b4d4825f1bd82bfbad1db55d678070653c9c3b81e7c68c534eb4e698c32ded"",""chunk_id"":""chunk_sha256_89cd3ff19da0087bafabc531b84e42e0f9792150cc38c3797cafc3c67317f787"",""start_char"":757,""end_char"":820,""text"":""고객은 자신의 ID를 보호하기 위해 회사에서 제공하는 보안서비스(OTP 등)에 가입하는 등의 노력을 해야 합니다."",""source_id"":""dnf_account_policy"",""title"":""던전앤파이터 운영정책 (2026-03-15 시행)"",""canonical_url"":""https://df.nexon.com/customer/policy/home?revision=2026-03-15&type=1"",""document_status"":""current""}],""expected_status"":""supported""},{""requirement_id"":""credential_secrecy"",""subject"":""고객 ID 보호"",""relation"":""credential_secrecy_obligation"",""value_type"":""text"",""required_values"":[""ID와 비밀번호가 타인에게 노출되지 않도록 관리""],""acceptable_evidence_units"":[{""document_id"":""document_sha256_c7b4d4825f1bd82bfbad1db55d678070653c9c3b81e7c68c534eb4e698c32ded"",""chunk_id"":""chunk_sha256_89cd3ff19da0087bafabc531b84e42e0f9792150cc38c3797cafc3c67317f787"",""start_char"":882,""end_char"":940,""text"":""고객은 ID, 비밀번호 등의 계정정보 및 개인정보가 타인에게 노출되지 않도록 최선의 주의를 기울여야 하며"",""source_id"":""dnf_account_policy"",""title"":""던전앤파이터 운영정책 (2026-03-15 시행)"",""canonical_url"":""https://df.nexon.com/customer/policy/home?revision=2026-03-15&type=1"",""document_status"":""current""}],""expected_status"":""supported""}]",운영정책은 현재 공식 revision이 한 개뿐이므로 parent 재사용을 허용하되 신규 관계와 질문만 사용합니다.,draft_complete_pending_human_review,pending,,,,false,false
45,typed_generalization_slot_sha256_a60db0c88504ae1fb92cee10314d7b868bd84cbb7ffbae99721cfa1d1871fe2f,dnf_account_policy,table_attribute,typed_generalization_candidate_sha256_3e7a0dcd525056972f93caa233d1945c17cbeff236c84ca569364ba02c7708b8,운영자나 직원을 사칭했을 때 1차와 4차 이용제한 기간은 각각 얼마야?,2026-07-17,current,full_answer,던전앤파이터 운영정책 (2026-03-15 시행),https://df.nexon.com/customer/policy/home?revision=2026-03-15&type=1,"[{""requirement_id"":""first_sanction"",""subject"":""운영자/직원 사칭"",""relation"":""first_sanction"",""value_type"":""text"",""required_values"":[""100일 게임 이용제한""],""acceptable_evidence_units"":[{""document_id"":""document_sha256_c7b4d4825f1bd82bfbad1db55d678070653c9c3b81e7c68c534eb4e698c32ded"",""chunk_id"":""chunk_sha256_794ba7192ebf7b3ed1ed537610afbeb34088b30384ec050fef986ea18357c3a0"",""start_char"":1454,""end_char"":1529,""text"":""| 운영자 / 직원을 사칭하는 행위 | 100일 게임 이용제한 | 1년 게임 이용제한 | 3년 게임 이용제한 | 영구 게임 이용제한 |"",""source_id"":""dnf_account_policy"",""title"":""던전앤파이터 운영정책 (2026-03-15 시행)"",""canonical_url"":""https://df.nexon.com/customer/policy/home?revision=2026-03-15&type=1"",""document_status"":""current""}],""expected_status"":""supported""},{""requirement_id"":""fourth_sanction"",""subject"":""운영자/직원 사칭"",""relation"":""fourth_sanction"",""value_type"":""text"",""required_values"":[""영구 게임 이용제한""],""acceptable_evidence_units"":[{""document_id"":""document_sha256_c7b4d4825f1bd82bfbad1db55d678070653c9c3b81e7c68c534eb4e698c32ded"",""chunk_id"":""chunk_sha256_794ba7192ebf7b3ed1ed537610afbeb34088b30384ec050fef986ea18357c3a0"",""start_char"":1454,""end_char"":1529,""text"":""| 운영자 / 직원을 사칭하는 행위 | 100일 게임 이용제한 | 1년 게임 이용제한 | 3년 게임 이용제한 | 영구 게임 이용제한 |"",""source_id"":""dnf_account_policy"",""title"":""던전앤파이터 운영정책 (2026-03-15 시행)"",""canonical_url"":""https://df.nexon.com/customer/policy/home?revision=2026-03-15&type=1"",""document_status"":""current""}],""expected_status"":""supported""}]",운영정책은 현재 공식 revision이 한 개뿐이므로 parent 재사용을 허용하되 신규 관계와 질문만 사용합니다.,draft_complete_pending_human_review,pending,,,,false,false
46,typed_generalization_slot_sha256_fc17b762900a78f98aac3030edc47762453446318e92827b1ba5d09f3a5b274f,dnf_account_policy,revision_selection,typed_generalization_candidate_sha256_18f28b9db3c8630977648c7454361c1eb117ff5c6500446c656787c602869420,현재 운영정책이 변경될 때 회사는 고객에게 어떤 방식으로 알려줘?,2026-07-17,current,full_answer,던전앤파이터 운영정책 (2026-03-15 시행),https://df.nexon.com/customer/policy/home?revision=2026-03-15&type=1,"[{""requirement_id"":""change_notice_method"",""subject"":""던전앤파이터 운영정책 변경"",""relation"":""notice_method"",""value_type"":""text"",""required_values"":[""공지를 통해 안내""],""acceptable_evidence_units"":[{""document_id"":""document_sha256_c7b4d4825f1bd82bfbad1db55d678070653c9c3b81e7c68c534eb4e698c32ded"",""chunk_id"":""chunk_sha256_9fef8454ca5da401a3eb86ef4919448898883b1f891861c4670207059eaf3c33"",""start_char"":1084,""end_char"":1186,""text"":""운영정책을 변경할 경우, 회사는 관련 내용을 넥슨 공식 홈페이지(http://www.nexon.com)나 게임 홈페이지(http://df.nexon.com) 공지를 통해 알려드립니다."",""source_id"":""dnf_account_policy"",""title"":""던전앤파이터 운영정책 (2026-03-15 시행)"",""canonical_url"":""https://df.nexon.com/customer/policy/home?revision=2026-03-15&type=1"",""document_status"":""current""}],""expected_status"":""supported""}]",운영정책은 현재 공식 revision이 한 개뿐이므로 parent 재사용을 허용하되 신규 관계와 질문만 사용합니다.,draft_complete_pending_human_review,pending,,,,false,false
47,typed_generalization_slot_sha256_9ec3cd20afb3dcb4a5a2b9557e4cf60ae6572f6850c14dee7ccf1c892a0e045d,dnf_account_policy,unsupported_or_partial,typed_generalization_candidate_sha256_693dbf1b8b65878364427dea29e9f618fe7f32a6316daaf878bf184861787dce,"게임 이용제한에 이의가 있으면 어디로 신청하고, 처리 기한은 정확히 며칠이야?",2026-07-17,current,partial_answer,던전앤파이터 운영정책 (2026-03-15 시행),https://df.nexon.com/customer/policy/home?revision=2026-03-15&type=1,"[{""requirement_id"":""appeal_channel"",""subject"":""게임 이용제한 이의신청"",""relation"":""appeal_channel"",""value_type"":""text"",""required_values"":[""고객센터""],""acceptable_evidence_units"":[{""document_id"":""document_sha256_c7b4d4825f1bd82bfbad1db55d678070653c9c3b81e7c68c534eb4e698c32ded"",""chunk_id"":""chunk_sha256_89cd3ff19da0087bafabc531b84e42e0f9792150cc38c3797cafc3c67317f787"",""start_char"":175,""end_char"":219,""text"":""이용제한 적용 시 이의신청을 원하실 경우, 고객센터로 문의하여 주시기 바랍니다."",""source_id"":""dnf_account_policy"",""title"":""던전앤파이터 운영정책 (2026-03-15 시행)"",""canonical_url"":""https://df.nexon.com/customer/policy/home?revision=2026-03-15&type=1"",""document_status"":""current""}],""expected_status"":""supported""},{""requirement_id"":""processing_days"",""subject"":""게임 이용제한 이의신청"",""relation"":""processing_days"",""value_type"":""number"",""required_values"":[],""acceptable_evidence_units"":[],""expected_status"":""unsupported""}]",운영정책은 현재 공식 revision이 한 개뿐이므로 parent 재사용을 허용하되 신규 관계와 질문만 사용합니다.,draft_complete_pending_human_review,pending,,,,false,false
48,typed_generalization_slot_sha256_d4ec5c52306ae33df6f52ad2b9b40b11af86d563823feca3d9b4e97831083959,dnf_account_policy,direct_fact,typed_generalization_candidate_sha256_b41dff57b582c4026c7b4e3ebd5b739991385d1c3c4d63a3744eb70167bb4b8a,운영정책상 이용제한 근거 데이터는 며칠 동안 보유해?,2026-07-17,current,full_answer,던전앤파이터 운영정책 (2026-03-15 시행),https://df.nexon.com/customer/policy/home?revision=2026-03-15&type=1,"[{""requirement_id"":""retention_days"",""subject"":""이용제한 근거 데이터"",""relation"":""retention_days"",""value_type"":""number"",""required_values"":[90],""acceptable_evidence_units"":[{""document_id"":""document_sha256_c7b4d4825f1bd82bfbad1db55d678070653c9c3b81e7c68c534eb4e698c32ded"",""chunk_id"":""chunk_sha256_89cd3ff19da0087bafabc531b84e42e0f9792150cc38c3797cafc3c67317f787"",""start_char"":223,""end_char"":259,""text"":""이용제한 근거에 대한 데이터는 관계 법령에 근거하여 90일간 보유"",""source_id"":""dnf_account_policy"",""title"":""던전앤파이터 운영정책 (2026-03-15 시행)"",""canonical_url"":""https://df.nexon.com/customer/policy/home?revision=2026-03-15&type=1"",""document_status"":""current""}],""expected_status"":""supported""}]",운영정책은 현재 공식 revision이 한 개뿐이므로 parent 재사용을 허용하되 신규 관계와 질문만 사용합니다.,draft_complete_pending_human_review,pending,,,,false,false
49,typed_generalization_slot_sha256_1e57a35d23de1f9325fdd50a35cf5017ed129886c34ef8b640839cbdf93b7b38,dnf_seria_shop,temporal_role,typed_generalization_candidate_sha256_73be6b22c8fdd1906362c51c5fef272083b98fbab63e4e9560ff3f0c891734af,프리미엄 코인샵의 트로피컬 바캉스 무기 아바타 상자는 언제 삭제돼?,2026-07-17,current,full_answer,프리미엄 코인샵,https://df.nexon.com/community/news/seriashop/378,"[{""requirement_id"":""deletion_at"",""subject"":""[프리미엄 코인샵]트로피컬 바캉스 무기 아바타 상자"",""relation"":""deletion_at"",""value_type"":""datetime"",""required_values"":[""2026-08-27T06:00:00+09:00""],""acceptable_evidence_units"":[{""document_id"":""document_sha256_dde0974f824042704eff7e7c8f0fed589a3c70bcd1d43f7dd48f641272cbccdf"",""chunk_id"":""chunk_sha256_f002c2893434cb114c5a48d9c4b80d195b722d24b0a5a0ad57cbea04b3ab5c7d"",""start_char"":328,""end_char"":393,""text"":""| [프리미엄 코인샵]트로피컬 바캉스 무기 아바타 상자 | 2개 | 계정당 5회 | 2026년 8월 27일 06시 |"",""source_id"":""dnf_seria_shop"",""title"":""프리미엄 코인샵"",""canonical_url"":""https://df.nexon.com/community/news/seriashop/378"",""document_status"":""current""}],""expected_status"":""supported""}]",,draft_complete_pending_human_review,pending,,,,false,false
50,typed_generalization_slot_sha256_80466a3e3f3bb7a1fe000502ac9878b45530fd036d58c9c62d345391112c35a3,dnf_seria_shop,boolean_direction,typed_generalization_candidate_sha256_d9d487132f5d753333abbb0a74e52075b13a49bdd54e065d65b4185c9438bbeb,장비 보호권은 증폭에도 적용돼?,2026-07-17,current,full_answer,[아이템]장비,https://df.nexon.com/community/news/seriashop/634,"[{""requirement_id"":""applies_to_amplification"",""subject"":""장비 보호권"",""relation"":""applies_to_amplification"",""value_type"":""boolean"",""required_values"":[false],""acceptable_evidence_units"":[{""document_id"":""document_sha256_b0daa81f2cf1dd45e310438e756758286acf699da12fbfe67e0104c5d4dc9396"",""chunk_id"":""chunk_sha256_2e9a0d7f09542e4cb1f2cdc72626b889a161141499c5adc06c6bef606d9b5866"",""start_char"":432,""end_char"":654,""text"":""| 장비 보호권 | 9,800 세라 | 교환가능 | NPC 키리의 강화 메뉴나 1회용 강화기를 사용해서 무기를 13강 이상 / 그 외 장비를 11강 이상으로 강화에 시도하는 경우, 강화에 실패하여 장비가 파괴될 때 캐릭터 인벤토리에 있는 장비 보호권 1개가 자동으로 소모되면서 장비를 보호합니다. 파괴로부터 보호된 장비는 강화 수치가 +0이 됩니다. 증폭에는 적용 되지 않습니다. | 무제한 | |"",""source_id"":""dnf_seria_shop"",""title"":""[아이템]장비"",""canonical_url"":""https://df.nexon.com/community/news/seriashop/634"",""document_status"":""current""}],""expected_status"":""supported""}]",,draft_complete_pending_human_review,pending,,,,false,false
51,typed_generalization_slot_sha256_96eaeef54afdd73a93222b3328ea072c70618de5058e83d31ebd59e08cd7876b,dnf_seria_shop,sibling_relation,typed_generalization_candidate_sha256_b83fafe137a4dcc3e9487968153b0fee4492c4a5e743e6243cb88be899aede5c,일반 상의 아바타와 상의 클론 아바타의 가격은 각각 얼마야?,2026-07-17,current,full_answer,[아바타]아바타 관련 안내,https://df.nexon.com/community/news/seriashop/647,"[{""requirement_id"":""top_price"",""subject"":""상의 아바타"",""relation"":""price"",""value_type"":""currency"",""required_values"":[{""amount"":6500,""unit"":""세라""}],""acceptable_evidence_units"":[{""document_id"":""document_sha256_2ea2a1983638bd8aaf07d2d083ebc8dd191d95d40d4e561af31168af00175687"",""chunk_id"":""chunk_sha256_7b9d2851a009250dd3d8d0c52753cc9530b1ccbd942614e5bcd0fb815dfac5ba"",""start_char"":276,""end_char"":293,""text"":""| 상의 | 6,500 세라 |"",""source_id"":""dnf_seria_shop"",""title"":""[아바타]아바타 관련 안내"",""canonical_url"":""https://df.nexon.com/community/news/seriashop/647"",""document_status"":""current""}],""expected_status"":""supported""},{""requirement_id"":""clone_top_price"",""subject"":""상의 클론 아바타"",""relation"":""price"",""value_type"":""currency"",""required_values"":[{""amount"":2600,""unit"":""세라""}],""acceptable_evidence_units"":[{""document_id"":""document_sha256_2ea2a1983638bd8aaf07d2d083ebc8dd191d95d40d4e561af31168af00175687"",""chunk_id"":""chunk_sha256_f7f4b19f8fa40966f97c062f8dcec6e9fa43323c3cf3986703fe43b9474d82e0"",""start_char"":1055,""end_char"":1075,""text"":""| 상의 클론 | 2,600 세라 |"",""source_id"":""dnf_seria_shop"",""title"":""[아바타]아바타 관련 안내"",""canonical_url"":""https://df.nexon.com/community/news/seriashop/647"",""document_status"":""current""}],""expected_status"":""supported""}]",,draft_complete_pending_human_review,pending,,,,false,false
52,typed_generalization_slot_sha256_8939e99c4267d9a822cb56b7ed39bd6e024a1314d2f7d4e37c9451dcad49c5de,dnf_seria_shop,multi_requirement,typed_generalization_candidate_sha256_d8398c7e212f448f1c4327501f67415c06dcd19e2ffe2619be69914dca5d6db8,"통큰 패키지 A의 가격, 거래 타입, 사용 기간은 각각 뭐야?",2026-07-17,current,full_answer,[아이템] 기타,https://df.nexon.com/community/news/seriashop/641,"[{""requirement_id"":""price"",""subject"":""통큰 패키지 A"",""relation"":""price"",""value_type"":""currency"",""required_values"":[{""amount"":22600,""unit"":""세라""}],""acceptable_evidence_units"":[{""document_id"":""document_sha256_378049759f0825db5bf34244015033332f4487db2e41dbde25db1f81bb78a045"",""chunk_id"":""chunk_sha256_8ed3e3b0a1e1e2ecbc934f274dd8662b55e141689d21297ef64c01a7374abb96"",""start_char"":225,""end_char"":386,""text"":""| 통큰 패키지 A | 22,600 세라 | 계정귀속 | 달인의 계약 30일, 패왕의 계약 30일, 가브리엘의 계약 30일, 해방의 열쇠 10개가 들어 있습니다. 가브리엘의 계약 : 가브리엘의 등장확률과 판매종류 및 개수가 증가합니다.(단, 에픽조각교환 가브리엘은 제외) | 무제한 | |"",""source_id"":""dnf_seria_shop"",""title"":""[아이템] 기타"",""canonical_url"":""https://df.nexon.com/community/news/seriashop/641"",""document_status"":""current""}],""expected_status"":""supported""},{""requirement_id"":""trade_type"",""subject"":""통큰 패키지 A"",""relation"":""trade_type"",""value_type"":""enum"",""required_values"":[""계정귀속""],""acceptable_evidence_units"":[{""document_id"":""document_sha256_378049759f0825db5bf34244015033332f4487db2e41dbde25db1f81bb78a045"",""chunk_id"":""chunk_sha256_8ed3e3b0a1e1e2ecbc934f274dd8662b55e141689d21297ef64c01a7374abb96"",""start_char"":225,""end_char"":386,""text"":""| 통큰 패키지 A | 22,600 세라 | 계정귀속 | 달인의 계약 30일, 패왕의 계약 30일, 가브리엘의 계약 30일, 해방의 열쇠 10개가 들어 있습니다. 가브리엘의 계약 : 가브리엘의 등장확률과 판매종류 및 개수가 증가합니다.(단, 에픽조각교환 가브리엘은 제외) | 무제한 | |"",""source_id"":""dnf_seria_shop"",""title"":""[아이템] 기타"",""canonical_url"":""https://df.nexon.com/community/news/seriashop/641"",""document_status"":""current""}],""expected_status"":""supported""},{""requirement_id"":""duration"",""subject"":""통큰 패키지 A"",""relation"":""duration"",""value_type"":""enum"",""required_values"":[""무제한""],""acceptable_evidence_units"":[{""document_id"":""document_sha256_378049759f0825db5bf34244015033332f4487db2e41dbde25db1f81bb78a045"",""chunk_id"":""chunk_sha256_8ed3e3b0a1e1e2ecbc934f274dd8662b55e141689d21297ef64c01a7374abb96"",""start_char"":225,""end_char"":386,""text"":""| 통큰 패키지 A | 22,600 세라 | 계정귀속 | 달인의 계약 30일, 패왕의 계약 30일, 가브리엘의 계약 30일, 해방의 열쇠 10개가 들어 있습니다. 가브리엘의 계약 : 가브리엘의 등장확률과 판매종류 및 개수가 증가합니다.(단, 에픽조각교환 가브리엘은 제외) | 무제한 | |"",""source_id"":""dnf_seria_shop"",""title"":""[아이템] 기타"",""canonical_url"":""https://df.nexon.com/community/news/seriashop/641"",""document_status"":""current""}],""expected_status"":""supported""}]",,draft_complete_pending_human_review,pending,,,,false,false
53,typed_generalization_slot_sha256_7b6ad387b7f24c9daafc20a8c8e438850ba353276c993d84fb000f4ed02898c3,dnf_seria_shop,table_attribute,typed_generalization_candidate_sha256_fd427230822b77cb62c9a928f71a64349047cd0fbb78d2273b0df7f36fe7a7e9,증폭 보호권의 가격과 거래 타입은 뭐야?,2026-07-17,current,full_answer,[아이템]장비,https://df.nexon.com/community/news/seriashop/634,"[{""requirement_id"":""price"",""subject"":""증폭 보호권"",""relation"":""price"",""value_type"":""currency"",""required_values"":[{""amount"":12900,""unit"":""세라""}],""acceptable_evidence_units"":[{""document_id"":""document_sha256_b0daa81f2cf1dd45e310438e756758286acf699da12fbfe67e0104c5d4dc9396"",""chunk_id"":""chunk_sha256_2e9a0d7f09542e4cb1f2cdc72626b889a161141499c5adc06c6bef606d9b5866"",""start_char"":224,""end_char"":253,""text"":""| 증폭 보호권 | 12,900 세라 | 교환가능 |"",""source_id"":""dnf_seria_shop"",""title"":""[아이템]장비"",""canonical_url"":""https://df.nexon.com/community/news/seriashop/634"",""document_status"":""current""}],""expected_status"":""supported""},{""requirement_id"":""trade_type"",""subject"":""증폭 보호권"",""relation"":""trade_type"",""value_type"":""enum"",""required_values"":[""교환가능""],""acceptable_evidence_units"":[{""document_id"":""document_sha256_b0daa81f2cf1dd45e310438e756758286acf699da12fbfe67e0104c5d4dc9396"",""chunk_id"":""chunk_sha256_2e9a0d7f09542e4cb1f2cdc72626b889a161141499c5adc06c6bef606d9b5866"",""start_char"":224,""end_char"":253,""text"":""| 증폭 보호권 | 12,900 세라 | 교환가능 |"",""source_id"":""dnf_seria_shop"",""title"":""[아이템]장비"",""canonical_url"":""https://df.nexon.com/community/news/seriashop/634"",""document_status"":""current""}],""expected_status"":""supported""}]",,draft_complete_pending_human_review,pending,,,,false,false
54,typed_generalization_slot_sha256_ef97148fc40caae647ad7a5965fa6b6a717ea5347a9b88053a019871495a3815,dnf_seria_shop,revision_selection,typed_generalization_candidate_sha256_39e8ade7164680b0ef34fd52c84817824405a2c00a2d3e6a94b1e065e6aa37c5,현재 아바타 관련 안내에서 피부 아바타의 골드 코인 가격은 얼마야?,2026-07-17,current,full_answer,[아바타]아바타 관련 안내,https://df.nexon.com/community/news/seriashop/647,"[{""requirement_id"":""gold_coin_price"",""subject"":""피부 아바타"",""relation"":""gold_coin_price"",""value_type"":""currency"",""required_values"":[{""amount"":10,""unit"":""골드 코인""}],""acceptable_evidence_units"":[{""document_id"":""document_sha256_2ea2a1983638bd8aaf07d2d083ebc8dd191d95d40d4e561af31168af00175687"",""chunk_id"":""chunk_sha256_a690de0a5155d8fae91debe323d632a7eab908e4979f8f9382a660bb44449428"",""start_char"":475,""end_char"":499,""text"":""| 피부 | 10 골드 코인 | 교환불가 |"",""source_id"":""dnf_seria_shop"",""title"":""[아바타]아바타 관련 안내"",""canonical_url"":""https://df.nexon.com/community/news/seriashop/647"",""document_status"":""current""}],""expected_status"":""supported""}]",,draft_complete_pending_human_review,pending,,,,false,false
55,typed_generalization_slot_sha256_9dd2b370ee307e70bb574699762a0ffcb9c1a78b6253c5c06d014b1f8d04e56e,dnf_seria_shop,unsupported_or_partial,typed_generalization_candidate_sha256_c50b7a30da70b4271073240ad42a8f7e6b82db4e19e20353c2e62031c982c702,하트비트 메가폰 10개의 가격과 계정당 구매 제한을 알려줘.,2026-07-17,current,partial_answer,[아이템] 기타,https://df.nexon.com/community/news/seriashop/641,"[{""requirement_id"":""price"",""subject"":""하트비트 메가폰 10개"",""relation"":""price"",""value_type"":""currency"",""required_values"":[{""amount"":5800,""unit"":""세라""}],""acceptable_evidence_units"":[{""document_id"":""document_sha256_378049759f0825db5bf34244015033332f4487db2e41dbde25db1f81bb78a045"",""chunk_id"":""chunk_sha256_020577dbaf08b828fbeeb73f527ab3b60ee7d151c6cb86c78895ed8f6ab613c4"",""start_char"":330,""end_char"":364,""text"":""| 하트비트 메가폰 10개 | 5,800 세라 | 교환가능 |"",""source_id"":""dnf_seria_shop"",""title"":""[아이템] 기타"",""canonical_url"":""https://df.nexon.com/community/news/seriashop/641"",""document_status"":""current""}],""expected_status"":""supported""},{""requirement_id"":""purchase_limit"",""subject"":""하트비트 메가폰 10개"",""relation"":""account_purchase_limit"",""value_type"":""number"",""required_values"":[],""acceptable_evidence_units"":[],""expected_status"":""unsupported""}]",,draft_complete_pending_human_review,pending,,,,false,false
56,typed_generalization_slot_sha256_321554854aeb449c92da04564426816ba7c48af5661b4aa4bea017d847594ea8,dnf_seria_shop,direct_fact,typed_generalization_candidate_sha256_7fc272ede267a6583c0c98cdd11cb205beb6493b8dea4fb645c5a4f1f49e8e68,무한 올빼미는 어디에서 사용할 수 있어?,2026-07-17,current,full_answer,[아이템] 기타,https://df.nexon.com/community/news/seriashop/641,"[{""requirement_id"":""usable_locations"",""subject"":""무한 올빼미"",""relation"":""usable_locations"",""value_type"":""entity_list"",""required_values"":[""마을"",""던전""],""acceptable_evidence_units"":[{""document_id"":""document_sha256_378049759f0825db5bf34244015033332f4487db2e41dbde25db1f81bb78a045"",""chunk_id"":""chunk_sha256_8ed3e3b0a1e1e2ecbc934f274dd8662b55e141689d21297ef64c01a7374abb96"",""start_char"":612,""end_char"":631,""text"":""마을, 던전에서 사용이 가능합니다."",""source_id"":""dnf_seria_shop"",""title"":""[아이템] 기타"",""canonical_url"":""https://df.nexon.com/community/news/seriashop/641"",""document_status"":""current""}],""expected_status"":""supported""}]",,draft_complete_pending_human_review,pending,,,,false,false
57,typed_generalization_slot_sha256_6f1b4ff4062d8be775955064e711b515f0f30202e1167af665f40e42a26f8194,dnf_monthly_item,temporal_role,typed_generalization_candidate_sha256_b49b206c4f0c3e240610ff0f487396aef5a555bd4d8c079aec72491dac798e59,7월 이달의 아이템 판매 기간은 언제부터 언제까지야?,2026-07-17,current,full_answer,이달의 아이템,https://df.nexon.com/community/news/monthlyitem,"[{""requirement_id"":""sale_period"",""subject"":""7월 이달의 아이템"",""relation"":""sale_period"",""value_type"":""date_range"",""required_values"":[""2026-06-25"",""2026-07-30""],""acceptable_evidence_units"":[{""document_id"":""document_sha256_e1b41518d35b1284a3a07936b23f997653287b5b25426f6aca4cb04ac6eaa98e"",""chunk_id"":""chunk_sha256_d23a0df67a37d463f0221e3e9bfbd4fd8a65bd4b2577478c7573239523ef6043"",""start_char"":119,""end_char"":138,""text"":""판매기간: 06.25 ~ 07.30"",""source_id"":""dnf_monthly_item"",""title"":""이달의 아이템"",""canonical_url"":""https://df.nexon.com/community/news/monthlyitem"",""document_status"":""current""}],""expected_status"":""supported""}]",이달의 아이템은 현재 월 revision이 한 개뿐이므로 신규 관계와 질문에 한해 parent 재사용을 허용합니다.,draft_complete_pending_human_review,pending,,,,false,false
58,typed_generalization_slot_sha256_b054ad0250475366a6b1e10c5f9da314e19ed7d8ab4fa99108a0355e77fff153,dnf_monthly_item,boolean_direction,typed_generalization_candidate_sha256_d01ddb7ce536db43226389f395d88c81ef9a4c68c60862bcf072743b5da464fe,7월 이달의 아이템은 다른 계정과 교환할 수 있어?,2026-07-17,current,full_answer,이달의 아이템,https://df.nexon.com/community/news/monthlyitem,"[{""requirement_id"":""tradeable"",""subject"":""7월 이달의 아이템"",""relation"":""is_tradeable"",""value_type"":""boolean"",""required_values"":[true],""acceptable_evidence_units"":[{""document_id"":""document_sha256_e1b41518d35b1284a3a07936b23f997653287b5b25426f6aca4cb04ac6eaa98e"",""chunk_id"":""chunk_sha256_d23a0df67a37d463f0221e3e9bfbd4fd8a65bd4b2577478c7573239523ef6043"",""start_char"":258,""end_char"":267,""text"":""거래타입\n교환가능"",""source_id"":""dnf_monthly_item"",""title"":""이달의 아이템"",""canonical_url"":""https://df.nexon.com/community/news/monthlyitem"",""document_status"":""current""}],""expected_status"":""supported""}]",이달의 아이템은 현재 월 revision이 한 개뿐이므로 신규 관계와 질문에 한해 parent 재사용을 허용합니다.,draft_complete_pending_human_review,pending,,,,false,false
59,typed_generalization_slot_sha256_cda677e9e6a876abab016f8715810e11eb123751c7e0ff52d1792b19ba77daff,dnf_monthly_item,sibling_relation,typed_generalization_candidate_sha256_0ed69dd0b38c01a9ee797d38663db9e8d38c4d09223d68b84b6a833f0df96c48,7월 이달의 아이템을 사용하면 얻는 두 상자 이름을 알려줘.,2026-07-17,current,full_answer,이달의 아이템,https://df.nexon.com/community/news/monthlyitem,"[{""requirement_id"":""obtained_items"",""subject"":""7월 이달의 아이템"",""relation"":""obtained_items"",""value_type"":""entity_list"",""required_values"":[""[7월]클론 레어 아바타(교환불가) 풀세트 상자"",""[7월]찬란한 엠블렘(계정귀속) 풀세트 선택상자""],""acceptable_evidence_units"":[{""document_id"":""document_sha256_e1b41518d35b1284a3a07936b23f997653287b5b25426f6aca4cb04ac6eaa98e"",""chunk_id"":""chunk_sha256_d23a0df67a37d463f0221e3e9bfbd4fd8a65bd4b2577478c7573239523ef6043"",""start_char"":174,""end_char"":200,""text"":""[7월]클론 레어 아바타(교환불가) 풀세트 상자"",""source_id"":""dnf_monthly_item"",""title"":""이달의 아이템"",""canonical_url"":""https://df.nexon.com/community/news/monthlyitem"",""document_status"":""current""},{""document_id"":""document_sha256_e1b41518d35b1284a3a07936b23f997653287b5b25426f6aca4cb04ac6eaa98e"",""chunk_id"":""chunk_sha256_d23a0df67a37d463f0221e3e9bfbd4fd8a65bd4b2577478c7573239523ef6043"",""start_char"":202,""end_char"":228,""text"":""[7월]찬란한 엠블렘(계정귀속) 풀세트 선택상자"",""source_id"":""dnf_monthly_item"",""title"":""이달의 아이템"",""canonical_url"":""https://df.nexon.com/community/news/monthlyitem"",""document_status"":""current""}],""expected_status"":""supported""}]",이달의 아이템은 현재 월 revision이 한 개뿐이므로 신규 관계와 질문에 한해 parent 재사용을 허용합니다.,draft_complete_pending_human_review,pending,,,,false,false
60,typed_generalization_slot_sha256_b1613ebc8bddc87729c580a055bd503506fe4cb3dddc2fda71006a20dbdd672f,dnf_monthly_item,multi_requirement,typed_generalization_candidate_sha256_fcb77ffbfef084098e9b67606c86498a2def7bd5a1ba11579ccd9c1d82f566fe,7월 이달의 아이템의 상점 판매가와 삭제 시각은 각각 얼마와 언제야?,2026-07-17,current,full_answer,이달의 아이템,https://df.nexon.com/community/news/monthlyitem,"[{""requirement_id"":""shop_price"",""subject"":""7월 이달의 아이템"",""relation"":""shop_price"",""value_type"":""currency"",""required_values"":[{""amount"":40000000,""unit"":""골드""}],""acceptable_evidence_units"":[{""document_id"":""document_sha256_e1b41518d35b1284a3a07936b23f997653287b5b25426f6aca4cb04ac6eaa98e"",""chunk_id"":""chunk_sha256_d23a0df67a37d463f0221e3e9bfbd4fd8a65bd4b2577478c7573239523ef6043"",""start_char"":242,""end_char"":257,""text"":""상점판매가\n4,000만 골드"",""source_id"":""dnf_monthly_item"",""title"":""이달의 아이템"",""canonical_url"":""https://df.nexon.com/community/news/monthlyitem"",""document_status"":""current""}],""expected_status"":""supported""},{""requirement_id"":""deletion_at"",""subject"":""7월 이달의 아이템"",""relation"":""deletion_at"",""value_type"":""datetime"",""required_values"":[""2026-08-13T06:00:00+09:00""],""acceptable_evidence_units"":[{""document_id"":""document_sha256_e1b41518d35b1284a3a07936b23f997653287b5b25426f6aca4cb04ac6eaa98e"",""chunk_id"":""chunk_sha256_d23a0df67a37d463f0221e3e9bfbd4fd8a65bd4b2577478c7573239523ef6043"",""start_char"":273,""end_char"":295,""text"":""2026년 08월 13일 06시 일괄삭제"",""source_id"":""dnf_monthly_item"",""title"":""이달의 아이템"",""canonical_url"":""https://df.nexon.com/community/news/monthlyitem"",""document_status"":""current""}],""expected_status"":""supported""}]",이달의 아이템은 현재 월 revision이 한 개뿐이므로 신규 관계와 질문에 한해 parent 재사용을 허용합니다.,draft_complete_pending_human_review,pending,,,,false,false
61,typed_generalization_slot_sha256_d68fba12753a724914e433e7046c21afe6187f1fc0ca597ae0af1a37c0e333b9,dnf_monthly_item,table_attribute,typed_generalization_candidate_sha256_945550d6641232602f5ab5576b1f344f67512ac8336493f4da3a1b6a580c71da,7월 이달의 아이템의 거래 타입과 상점 판매가는 뭐야?,2026-07-17,current,full_answer,이달의 아이템,https://df.nexon.com/community/news/monthlyitem,"[{""requirement_id"":""trade_type"",""subject"":""7월 이달의 아이템"",""relation"":""trade_type"",""value_type"":""enum"",""required_values"":[""교환가능""],""acceptable_evidence_units"":[{""document_id"":""document_sha256_e1b41518d35b1284a3a07936b23f997653287b5b25426f6aca4cb04ac6eaa98e"",""chunk_id"":""chunk_sha256_d23a0df67a37d463f0221e3e9bfbd4fd8a65bd4b2577478c7573239523ef6043"",""start_char"":258,""end_char"":267,""text"":""거래타입\n교환가능"",""source_id"":""dnf_monthly_item"",""title"":""이달의 아이템"",""canonical_url"":""https://df.nexon.com/community/news/monthlyitem"",""document_status"":""current""}],""expected_status"":""supported""},{""requirement_id"":""shop_price"",""subject"":""7월 이달의 아이템"",""relation"":""shop_price"",""value_type"":""currency"",""required_values"":[{""amount"":40000000,""unit"":""골드""}],""acceptable_evidence_units"":[{""document_id"":""document_sha256_e1b41518d35b1284a3a07936b23f997653287b5b25426f6aca4cb04ac6eaa98e"",""chunk_id"":""chunk_sha256_d23a0df67a37d463f0221e3e9bfbd4fd8a65bd4b2577478c7573239523ef6043"",""start_char"":242,""end_char"":257,""text"":""상점판매가\n4,000만 골드"",""source_id"":""dnf_monthly_item"",""title"":""이달의 아이템"",""canonical_url"":""https://df.nexon.com/community/news/monthlyitem"",""document_status"":""current""}],""expected_status"":""supported""}]",이달의 아이템은 현재 월 revision이 한 개뿐이므로 신규 관계와 질문에 한해 parent 재사용을 허용합니다.,draft_complete_pending_human_review,pending,,,,false,false
62,typed_generalization_slot_sha256_de9e56496a48999b0cb0672a30c66c2dd6cea494168b79176a4a61c0038b2ed6,dnf_monthly_item,revision_selection,typed_generalization_candidate_sha256_d5e9278ef4bf9e8657eef9e210d53f5e14a291b50260ba4b62ace0b30323de87,6월 이달의 아이템은 언제 일괄 삭제됐어?,2026-07-17,historical,full_answer,6월 이달 의 아이템,https://df.nexon.com/community/news/seriashop/622,"[{""requirement_id"":""deletion_at"",""subject"":""6월 이달의 아이템"",""relation"":""deletion_at"",""value_type"":""datetime"",""required_values"":[""2026-07-09T06:00:00+09:00""],""acceptable_evidence_units"":[{""document_id"":""document_sha256_8d15942b7c803029b811a23910302f2274bd00a85d68f3c8be8d1a6510122be6"",""chunk_id"":""chunk_sha256_6ca94020f0661c022cf19032640d142d7c07b4e1c0a29f21bc9bf908059ba95b"",""start_char"":527,""end_char"":547,""text"":""2026년 7월 9일 06시 일괄삭제"",""source_id"":""dnf_monthly_item"",""title"":""6월 이달 의 아이템"",""canonical_url"":""https://df.nexon.com/community/news/seriashop/622"",""document_status"":""expired""}],""expected_status"":""supported""}]",월별 공식 revision 비교를 위해 과거 6월 parent를 사용하며 질문과 관계는 신규입니다.,draft_complete_pending_human_review,pending,,,,false,false
63,typed_generalization_slot_sha256_433a0d796e316173a2abcc7ea7e8cb0628c7ad4ca6a5c00b664d01ce2d1ce108,dnf_monthly_item,unsupported_or_partial,typed_generalization_candidate_sha256_92ea565ea83774acb226ef4bcd7a9c2b061f3c73f72c4ab5fb9eca0eb2d14229,7월 이달의 아이템 상점 판매가와 8월 이달의 아이템 이름을 알려줘.,2026-07-17,current,partial_answer,이달의 아이템,https://df.nexon.com/community/news/monthlyitem,"[{""requirement_id"":""july_shop_price"",""subject"":""7월 이달의 아이템"",""relation"":""shop_price"",""value_type"":""currency"",""required_values"":[{""amount"":40000000,""unit"":""골드""}],""acceptable_evidence_units"":[{""document_id"":""document_sha256_e1b41518d35b1284a3a07936b23f997653287b5b25426f6aca4cb04ac6eaa98e"",""chunk_id"":""chunk_sha256_d23a0df67a37d463f0221e3e9bfbd4fd8a65bd4b2577478c7573239523ef6043"",""start_char"":242,""end_char"":257,""text"":""상점판매가\n4,000만 골드"",""source_id"":""dnf_monthly_item"",""title"":""이달의 아이템"",""canonical_url"":""https://df.nexon.com/community/news/monthlyitem"",""document_status"":""current""}],""expected_status"":""supported""},{""requirement_id"":""august_item_name"",""subject"":""8월 이달의 아이템"",""relation"":""item_name"",""value_type"":""entity"",""required_values"":[],""acceptable_evidence_units"":[],""expected_status"":""unsupported""}]",이달의 아이템은 현재 월 revision이 한 개뿐이므로 신규 관계와 질문에 한해 parent 재사용을 허용합니다.,draft_complete_pending_human_review,pending,,,,false,false
64,typed_generalization_slot_sha256_a8c8133b4d75b37204a5ae43d2c4b20b2e0411400dbf079ba71804ad03a1baea,dnf_monthly_item,direct_fact,typed_generalization_candidate_sha256_36f20fc16dd4d509b493414745d1159607b80ffa0e784d379f0b4e331406debc,이달의 아이템은 세라샵에서 어떤 방식으로 획득해?,2026-07-17,current,full_answer,이달의 아이템,https://df.nexon.com/community/news/monthlyitem,"[{""requirement_id"":""acquisition_method"",""subject"":""이달의 아이템"",""relation"":""acquisition_method"",""value_type"":""text"",""required_values"":[""해방의 열쇠로 봉인된 자물쇠를 열어 확률적으로 획득""],""acceptable_evidence_units"":[{""document_id"":""document_sha256_e1b41518d35b1284a3a07936b23f997653287b5b25426f6aca4cb04ac6eaa98e"",""chunk_id"":""chunk_sha256_d23a0df67a37d463f0221e3e9bfbd4fd8a65bd4b2577478c7573239523ef6043"",""start_char"":19,""end_char"":83,""text"":""세라샵에서 구매한 ‘해방의 열쇠’로 ‘봉인된 자물쇠’를 열어 특정 확률에 따라 이달의 아이템을 획득할 수 있습니다."",""source_id"":""dnf_monthly_item"",""title"":""이달의 아이템"",""canonical_url"":""https://df.nexon.com/community/news/monthlyitem"",""document_status"":""current""}],""expected_status"":""supported""}]",이달의 아이템은 현재 월 revision이 한 개뿐이므로 신규 관계와 질문에 한해 parent 재사용을 허용합니다.,draft_complete_pending_human_review,pending,,,,false,false
